"id","name","fileName","size","datasetUrl","downloadUrl"
"025edc1e-3836-4984-947b-166376b727ef","澳門區域旅遊數據 - 按來源地及統計分區的旅客平均逗留時間☯澳门区域旅游数据 - 按来源地及统计分区的旅客平均逗留时间☯Dados Turísticos Regionais de Macau - Tempo médio de permanência por local de origem e zonas estatísticas☯Macao District Tourism Data - Average Length of Stay by Place of Origin and Statistical District","dst_visitor_04_stats.xlsx","57248","https://data.gov.mo/Detail?id=025edc1e-3836-4984-947b-166376b727ef","https://api.data.gov.mo/document/download/025edc1e-3836-4984-947b-166376b727ef?fileId=1717&isNeedFile=1&lang=TC"
"0356041c-3315-4853-b6c2-b21b3767b7c2","交通意外數目☯交通意外數目☯Total de acidentes de viação☯Total number of traffic accidents","交通意外數目.xlsx","7157","https://data.gov.mo/Detail?id=0356041c-3315-4853-b6c2-b21b3767b7c2","https://api.data.gov.mo/document/download/0356041c-3315-4853-b6c2-b21b3767b7c2?fileId=1442&isNeedFile=1&lang=TC"
"0356d3f0-a641-45e9-9431-7ff8479e8431","暫停營業之酒店/經濟型住宿場所/公寓式酒店列表☯暂停营业之酒店/经济型住宿场所/公寓式酒店列表☯Suspensão da actividade - hotéis/alojamento de baixo custo/hotéis-apartamentos☯Suspension of Business - hotel/low-cost accommodation/apartment hotel","dst_hotelTempClosed.xml","31","https://data.gov.mo/Detail?id=0356d3f0-a641-45e9-9431-7ff8479e8431","https://api.data.gov.mo/document/download/0356d3f0-a641-45e9-9431-7ff8479e8431?fileId=1734&isNeedFile=1&lang=TC"
"08767a5c-3550-481d-b0d7-e72c55098f63","公共巴士站總數☯公共巴士站总数☯Total de paragens de autocarros públicos☯Total number of public bus stops","Total_number_of public_bus_stops.xlsx","9072","https://data.gov.mo/Detail?id=08767a5c-3550-481d-b0d7-e72c55098f63","https://api.data.gov.mo/document/download/08767a5c-3550-481d-b0d7-e72c55098f63?fileId=992&isNeedFile=1&lang=TC"
"0c513502-ca98-489e-812d-4e5266f82ccf","交通意外受傷事故(人數)☯交通意外受傷事故(人數)☯Número de feridos em acidentes de viação (pessoas)☯Traffic injuries (no. of persons)","交通意外受傷事故(人數).xlsx","8166","https://data.gov.mo/Detail?id=0c513502-ca98-489e-812d-4e5266f82ccf","https://api.data.gov.mo/document/download/0c513502-ca98-489e-812d-4e5266f82ccf?fileId=1445&isNeedFile=1&lang=TC"
"12564cf3-6534-4730-9e61-4c9d3e322baa","澳門區域旅遊數據 - 按中國内地主要省份及統計分區的旅客平均逗留時間☯澳门区域旅游数据 - 按中国内地主要省份及统计分区的旅客平均逗留时间☯Dados Turísticos Regionais de Macau - Tempo médio de permanência por principais províncias do Interior da China e zonas estatísticas☯Macao District Tourism Data - Average Length of Stay by Main Provinces in Mainland China and Statistical District","dst_visitor_05_stats.xlsx","31","https://data.gov.mo/Detail?id=12564cf3-6534-4730-9e61-4c9d3e322baa","https://api.data.gov.mo/document/download/12564cf3-6534-4730-9e61-4c9d3e322baa?fileId=1718&isNeedFile=1&lang=TC"
"18ee53ce-f8b1-4f8a-a20a-9b1fb63d00cd","臨時交通許可審批數量☯临时交通许可审批数量☯N.º de casos com trânsito condicionado autorizados☯N.º de casos com trânsito condicionado autorizados","Number_of_temporary_traffic_permit_approvals.xlsx","8823","https://data.gov.mo/Detail?id=18ee53ce-f8b1-4f8a-a20a-9b1fb63d00cd","https://api.data.gov.mo/document/download/18ee53ce-f8b1-4f8a-a20a-9b1fb63d00cd?fileId=2052&isNeedFile=1&lang=TC"
"1d20b79b-cdc7-4e57-8976-f04452a87878","移走送予交通事務局處置車輛☯移走送予交通事务局处置车辆☯Veículo a cancelar e reverte para o DSAT☯Veículo a cancelar e reverte para o DSAT","Removal_of_the_vehicle_to_DSAT.xlsx","15386","https://data.gov.mo/Detail?id=1d20b79b-cdc7-4e57-8976-f04452a87878","https://api.data.gov.mo/document/download/1d20b79b-cdc7-4e57-8976-f04452a87878?fileId=1435&isNeedFile=1&lang=TC"
"2fcafadb-1888-43d6-8fe9-e6d3346aef10","澳門口岸之無障礙旅遊設施列表☯澳门口岸之无障碍旅游设施列表☯Guia de Turismo Livre de Barreiras - Postos fronteiriços☯Barrier-Free Access Guide - Macao Border Checkpoints","dst_barrierfree_borders.xml","2481","https://data.gov.mo/Detail?id=2fcafadb-1888-43d6-8fe9-e6d3346aef10","https://api.data.gov.mo/document/download/2fcafadb-1888-43d6-8fe9-e6d3346aef10?fileId=1933&isNeedFile=1&lang=TC"
"34316b06-b63d-4c72-be39-99fa19dcc819","違反道路交通法/規章☯違反道路交通法/規章☯Infracções relativas à Lei do Trânsito Rodoviário e ao Regulamento do  Código da Estrada ☯Violating Road Traffic Law / Regulation","違反道路交通法規章數目.xlsx","6599","https://data.gov.mo/Detail?id=34316b06-b63d-4c72-be39-99fa19dcc819","https://api.data.gov.mo/document/download/34316b06-b63d-4c72-be39-99fa19dcc819?fileId=1477&isNeedFile=1&lang=TC"
"3582b963-31c2-4d5b-8a08-1dc198fb125e","巴士數量 ☯巴士数量 ☯Números de autocarros ☯Number of buses","Number_of_buses.xlsx","9257","https://data.gov.mo/Detail?id=3582b963-31c2-4d5b-8a08-1dc198fb125e","https://api.data.gov.mo/document/download/3582b963-31c2-4d5b-8a08-1dc198fb125e?fileId=997&isNeedFile=1&lang=TC"
"3815271b-0ce1-472d-9edf-2a7fb0d7c9c1","澳門區域旅遊數據 - 按中國内地主要省份及統計分區的旅客到訪人次 ☯澳门区域旅游数据 - 按中国内地主要省份及统计分区的旅客到访人次☯Dados Turísticos Regionais de Macau - Chegada de visitantes por principais províncias do Interior da China e zonas estatísticas☯Macao District Tourism Data - Visitor Arrival by Main Provinces in Mainland China and Statistical District","dst_visitor_03_stats.xlsx","31","https://data.gov.mo/Detail?id=3815271b-0ce1-472d-9edf-2a7fb0d7c9c1","https://api.data.gov.mo/document/download/3815271b-0ce1-472d-9edf-2a7fb0d7c9c1?fileId=1716&isNeedFile=1&lang=TC"
"4b130d1f-424f-4016-a1a2-20f8946a756e","交通安全講座人數及場數統計☯交通安全讲座人数及场数统计☯Palestra sobre a Segurança no Trânsito (Vezes e N.º de pessoas)☯Traffic safety seminar attendance and number statistics","交通安全講座人數及場數統計.xlsx","6716","https://data.gov.mo/Detail?id=4b130d1f-424f-4016-a1a2-20f8946a756e","https://api.data.gov.mo/document/download/4b130d1f-424f-4016-a1a2-20f8946a756e?fileId=2167&isNeedFile=1&lang=TC"
"4f403b89-6d16-42d6-8092-2babc5522dab","交通罰款總金額☯交通罰款總金額☯Valor total das multas de trânsito☯Total amount of traffic fines","交通罰款總金額.xlsx","6915","https://data.gov.mo/Detail?id=4f403b89-6d16-42d6-8092-2babc5522dab","https://api.data.gov.mo/document/download/4f403b89-6d16-42d6-8092-2babc5522dab?fileId=1470&isNeedFile=1&lang=TC"
"51236f98-6f30-4530-965e-feed65ee2a2c","陸路口岸跨境汽車流量(車種)☯陆路口岸跨境汽车流量(车种)☯Movimento de automóveis transfronteiriços passados pelos postos fronteiriços terrestres (Veículos)☯Cross-border vehicle flow at land ports (vehicle types)","陸路口岸跨境汽車流量(車種).xlsx","10793","https://data.gov.mo/Detail?id=51236f98-6f30-4530-965e-feed65ee2a2c","https://api.data.gov.mo/document/download/51236f98-6f30-4530-965e-feed65ee2a2c?fileId=1089&isNeedFile=1&lang=TC"
"52ec22d4-f6de-4577-a607-9701b63a3dbc","「星級旅遊服務認可計劃」獲獎旅行社☯「星级旅游服务认可计划」获奖旅行社☯“Programa de Avaliação de Serviços Turísticos de Qualidade”Agência de Viagens Premiados☯“Quality Tourism Services Accreditation Scheme”Awarded Travel Agency","dst_qtsastravelagency.xml","4027","https://data.gov.mo/Detail?id=52ec22d4-f6de-4577-a607-9701b63a3dbc","https://api.data.gov.mo/document/download/52ec22d4-f6de-4577-a607-9701b63a3dbc?fileId=985&isNeedFile=1&lang=TC"
"5fdb54a5-5faf-457c-bd88-cdd3ef4a5768","獲發使用准照酒店資料☯获发使用准照酒店资料☯Informações sobre os empreendimentos hoteleiros com licença de utilização☯Information on the hotels issued with a license to use","獲發使用准照酒店資料.xlsx","10022","https://data.gov.mo/Detail?id=5fdb54a5-5faf-457c-bd88-cdd3ef4a5768","https://api.data.gov.mo/document/download/5fdb54a5-5faf-457c-bd88-cdd3ef4a5768?fileId=1110&isNeedFile=1&lang=TC"
"64e7adeb-a376-4129-a48f-72f2bd4dda63","巴士司機數量 ☯巴士司机数量☯Número de condutores de autocarros☯Number of bus drivers","Number_of_bus_drivers.xlsx","9348","https://data.gov.mo/Detail?id=64e7adeb-a376-4129-a48f-72f2bd4dda63","https://api.data.gov.mo/document/download/64e7adeb-a376-4129-a48f-72f2bd4dda63?fileId=996&isNeedFile=1&lang=TC"
"664dc0a1-723f-4741-b6f4-7594a5c5edb0","酒店入住率及平均房價☯酒店入住率及平均房价☯Taxa de ocupação hoteleira e preço médio por quarto☯Hotel Occupancy Rate and Average Room Rate","dst_mhaRoomRate.xlsx","31","https://data.gov.mo/Detail?id=664dc0a1-723f-4741-b6f4-7594a5c5edb0","https://api.data.gov.mo/document/download/664dc0a1-723f-4741-b6f4-7594a5c5edb0?fileId=1930&isNeedFile=1&lang=TC"
"6676880c-affd-4824-b88d-b6f927519fc7","黃金周統計數據 - 入境旅客☯黄金周统计数据-入境旅客☯Dados estatísticos da semana dourada - Movimento de visitantes☯Golden Week Statistics - Visitor Arrivals","dst_goldenweekvisitor.xlsx","31","https://data.gov.mo/Detail?id=6676880c-affd-4824-b88d-b6f927519fc7","https://api.data.gov.mo/document/download/6676880c-affd-4824-b88d-b6f927519fc7?fileId=1895&isNeedFile=1&lang=TC"
"68b1b377-b321-49fa-818e-fcee26dfd4dd","酒店及娛樂場穿梭巴士車輛數量☯酒店及娱乐场穿梭巴士车辆数量☯N.º de autocarros shuttle dos hotéis e casinos☯N.º de autocarros shuttle dos hotéis e casinos","Number_of_hotel_casino_shuttle_bus.xlsx","9496","https://data.gov.mo/Detail?id=68b1b377-b321-49fa-818e-fcee26dfd4dd","https://api.data.gov.mo/document/download/68b1b377-b321-49fa-818e-fcee26dfd4dd?fileId=2050&isNeedFile=1&lang=TC"
"68da7e48-76e0-4a6c-a8dd-d3db330520eb","預計將落成酒店場所統計☯预计将落成酒店场所统计☯Estatísticas da previsão dos novos projectos hoteleiros☯Statistics on Projected New Hotel Developments","dst_hotelStatApply_v2.xml","1189","https://data.gov.mo/Detail?id=68da7e48-76e0-4a6c-a8dd-d3db330520eb","https://api.data.gov.mo/document/download/68da7e48-76e0-4a6c-a8dd-d3db330520eb?fileId=1929&isNeedFile=1&lang=TC"
"6c4ad68d-ac63-4c38-83fd-fd41cb3a98f9","酒店參考房價☯酒店参考房价☯Taxa Referencial de Hotel☯Hotel reference rate","dst_hotelroomrate.xml","23661","https://data.gov.mo/Detail?id=6c4ad68d-ac63-4c38-83fd-fd41cb3a98f9","https://api.data.gov.mo/document/download/6c4ad68d-ac63-4c38-83fd-fd41cb3a98f9?fileId=982&isNeedFile=1&lang=TC"
"6dafc514-7fc6-4d4e-9468-8772ba1c3b44","酒店/經濟型住宿場所/公寓式酒店資料☯酒店/经济型住宿场所/公寓式酒店资料☯Informações dos Hotéis/Alojamento de baixo custo/Hotéis-apartamentos☯Information of Hotels/Low-cost accommodation/Apartment hotels","dst_hotel.xml","25838","https://data.gov.mo/Detail?id=6dafc514-7fc6-4d4e-9468-8772ba1c3b44","https://api.data.gov.mo/document/download/6dafc514-7fc6-4d4e-9468-8772ba1c3b44?fileId=661&isNeedFile=1&lang=TC"
"73809a1a-3ed3-42ec-92c2-2e5ca5b196dd","備有輪椅停靠設備的巴士數量 ☯备有轮椅停靠设备的巴士数量 ☯Número de autocarros com lugares para cadeira de rodas☯Number of buses with space for wheelchair","Number_of_buses_with_space_for_wheelchair.xlsx","11350","https://data.gov.mo/Detail?id=73809a1a-3ed3-42ec-92c2-2e5ca5b196dd","https://api.data.gov.mo/document/download/73809a1a-3ed3-42ec-92c2-2e5ca5b196dd?fileId=1003&isNeedFile=1&lang=TC"
"7409434e-baa0-4343-8088-2b85b3e1ef24","澳門主要景點之無障礙旅遊設施列表☯澳门主要景点之无障碍旅游设施列表☯Guia de Turismo Livre de Barreiras - Pontos turísticos☯Barrier-Free Access Guide - Major Attractions","dst_barrierfree_sights.xml","31","https://data.gov.mo/Detail?id=7409434e-baa0-4343-8088-2b85b3e1ef24","https://api.data.gov.mo/document/download/7409434e-baa0-4343-8088-2b85b3e1ef24?fileId=1934&isNeedFile=1&lang=TC"
"76a3b004-418a-42aa-8cb7-7615874b3d23","暫停營業之旅行社列表☯暂停营业之旅行社列表☯Suspensão da actividade - agência de viagens☯Suspension of Business - Travel Agency","dst_tatempclosed.xml","31","https://data.gov.mo/Detail?id=76a3b004-418a-42aa-8cb7-7615874b3d23","https://api.data.gov.mo/document/download/76a3b004-418a-42aa-8cb7-7615874b3d23?fileId=1940&isNeedFile=1&lang=TC"
"785db3bb-2def-424e-9f68-348659ab63e2","訂定特定的澳門特別行政區居民可自橫琴口岸澳方口岸區進口的供個人自用或消費的貨物表☯订定特定的澳门特别行政区居民可自横琴口岸澳方口岸区进口的供个人自用或消费的货物表☯Definir a tabela específica de mercadorias, destinadas ao uso ou consumo pessoal, que os residentes da RAEM podem importar a partir da Zona do Posto Fronteiriço de Macau do Posto Fronteiriço Hengqin☯Stipulations on specific list of goods for personal use or consumption that can be brought back to Macao by residents of Macao Special Administrative Region through the Macao border checkpoint area of Hengqin port","訂定特定的澳門特別行政區居民可自橫琴口岸澳方口岸區進口的供個人自用或消費的貨物表.xlsx","12988","https://data.gov.mo/Detail?id=785db3bb-2def-424e-9f68-348659ab63e2","https://api.data.gov.mo/document/download/785db3bb-2def-424e-9f68-348659ab63e2?fileId=2422&isNeedFile=1&lang=TC"
"7e4b02aa-1c7a-406d-b4d1-eb34c60f3434","旅遊激勵計劃之統計☯旅游激励计划之统计☯Estatísticas do Plano de Apoioao Turismo☯Statistics of Travel Stimulation Program","dst_tsp_stat.xlsx","10700","https://data.gov.mo/Detail?id=7e4b02aa-1c7a-406d-b4d1-eb34c60f3434","https://api.data.gov.mo/document/download/7e4b02aa-1c7a-406d-b4d1-eb34c60f3434?fileId=1735&isNeedFile=1&lang=TC"
"8040df8c-3769-45d4-91a1-062263fbb56b","打擊非法入境(被捕非法入境者人數)☯打击非法入境(被捕非法入境者人数)☯Combate às actividades de imigração ilegal(Imigrantes ilegais detidos)☯Combating illegal immigration activities (Detained illegal immigrants)","打擊非法入境(被捕非法入境者人數).xlsx","8083","https://data.gov.mo/Detail?id=8040df8c-3769-45d4-91a1-062263fbb56b","https://api.data.gov.mo/document/download/8040df8c-3769-45d4-91a1-062263fbb56b?fileId=1095&isNeedFile=1&lang=TC"
"81e74759-a898-4875-b6f1-4572c3054229","旅遊行業培訓之統計☯旅游行业培训之统计☯Estatísticas de acções de formação☯Statistics of tourism industry training","dst_training_stat.xlsx","12380","https://data.gov.mo/Detail?id=81e74759-a898-4875-b6f1-4572c3054229","https://api.data.gov.mo/document/download/81e74759-a898-4875-b6f1-4572c3054229?fileId=1530&isNeedFile=1&lang=TC"
"85050aeb-957d-4057-98a2-2d9a0409c95e","澳門主要酒店業場所之無障礙旅遊設施列表☯澳门主要酒店业场所之无障碍旅游设施列表☯Guia de Turismo Livre de Barreiras - Estabelecimentos da Indústria Hoteleira☯Barrier-Free Access Guide - Establishments of Hotel Industry","dst_barrierfree_hotels.xml","12444","https://data.gov.mo/Detail?id=85050aeb-957d-4057-98a2-2d9a0409c95e","https://api.data.gov.mo/document/download/85050aeb-957d-4057-98a2-2d9a0409c95e?fileId=1931&isNeedFile=1&lang=TC"
"873355cc-8f9d-460f-9a4d-191ef6e33c09","澳門輕軌之無障礙旅遊設施列表☯澳门轻轨之无障碍旅游设施列表☯Guia de Turismo Livre de Barreiras - Metro Ligeiro☯Barrier-Free Access Guide - Light Rapid Transit","dst_barrierfree_lrt.xml","2342","https://data.gov.mo/Detail?id=873355cc-8f9d-460f-9a4d-191ef6e33c09","https://api.data.gov.mo/document/download/873355cc-8f9d-460f-9a4d-191ef6e33c09?fileId=1983&isNeedFile=1&lang=TC"
"8897215d-91f7-4fd6-bf02-f36ff5c639ae","新能源/環保巴士數量☯新能源/环保巴士数量☯N.º de autocarros movidos a energias amigas do ambiente☯N.º de autocarros movidos a energias amigas do ambiente","Number_of_new_energy_buses.xlsx","13347","https://data.gov.mo/Detail?id=8897215d-91f7-4fd6-bf02-f36ff5c639ae","https://api.data.gov.mo/document/download/8897215d-91f7-4fd6-bf02-f36ff5c639ae?fileId=1596&isNeedFile=1&lang=TC"
"8b94626c-7170-40eb-9e8c-750ee82a51ba","旅遊行業監管之統計☯旅游行业监管之统计☯Estatísticas de fiscalização da indústria☯Statistics of tourism industry supervision","dst_license_stat.xlsx","13717","https://data.gov.mo/Detail?id=8b94626c-7170-40eb-9e8c-750ee82a51ba","https://api.data.gov.mo/document/download/8b94626c-7170-40eb-9e8c-750ee82a51ba?fileId=1529&isNeedFile=1&lang=TC"
"9179ac62-ddbc-413d-a74a-bbea8d4b0bdd","打擊非法入境(被移交法院人士)☯打击非法入境(被移交法院人士)☯Combate às actividades de imigração ilegal (Indivíduos Enviados a Tribunal)☯Combating illegal immigration activities (Individuals Sent to Court)","打擊非法入境(被移交法院人士).xlsx","7330","https://data.gov.mo/Detail?id=9179ac62-ddbc-413d-a74a-bbea8d4b0bdd","https://api.data.gov.mo/document/download/9179ac62-ddbc-413d-a74a-bbea8d4b0bdd?fileId=1096&isNeedFile=1&lang=TC"
"92de06db-9779-4f44-9c34-1859561d048f","「星級旅遊服務認可計劃」獲獎餐廳食肆☯「星级旅游服务认可计划」获奖餐厅食肆☯“Programa de Avaliação de Serviços Turísticos de Qualidade”Restaurantes Premiados☯“Quality Tourism Services Accreditation Scheme”Awarded Restaurants","dst_qtsasrestaurant.xml","17096","https://data.gov.mo/Detail?id=92de06db-9779-4f44-9c34-1859561d048f","https://api.data.gov.mo/document/download/92de06db-9779-4f44-9c34-1859561d048f?fileId=984&isNeedFile=1&lang=TC"
"99687ec0-739f-4c3d-9f84-13f2e31344a1","澳門主要會展場地之無障礙旅遊設施列表☯澳门主要会展场地之无障碍旅游设施列表☯Guia de Turismo Livre de Barreiras - Local da convenção e exposição☯Barrier-Free Access Guide - Major Convention & Exhibition Venues","dst_barrierfree_expos.xml","3019","https://data.gov.mo/Detail?id=99687ec0-739f-4c3d-9f84-13f2e31344a1","https://api.data.gov.mo/document/download/99687ec0-739f-4c3d-9f84-13f2e31344a1?fileId=1984&isNeedFile=1&lang=TC"
"9aa3bd94-58b0-439a-8680-8891b3b14166","澳門區域旅遊數據 - 按來源地及統計分區的的旅客到訪人次 ☯澳门区域旅游数据 - 按来源地及统计分区的的旅客到访人次☯Dados Turísticos Regionais de Macau - Chegada de visitantes por local de origem e zonas estatísticas☯Macao District Tourism Data - Visitor Arrival by Place of Origin and Statistical District","dst_visitor_02_stats.xlsx","41854","https://data.gov.mo/Detail?id=9aa3bd94-58b0-439a-8680-8891b3b14166","https://api.data.gov.mo/document/download/9aa3bd94-58b0-439a-8680-8891b3b14166?fileId=1715&isNeedFile=1&lang=TC"
"9e45b415-c24d-4dc9-9079-02ef79518c3d","低地台巴士數量 ☯低地台巴士数量 ☯Número de autocarros com piso rebaixado ☯Number of low-floor buses","Number_of_low_floor_buses.xlsx","11328","https://data.gov.mo/Detail?id=9e45b415-c24d-4dc9-9079-02ef79518c3d","https://api.data.gov.mo/document/download/9e45b415-c24d-4dc9-9079-02ef79518c3d?fileId=999&isNeedFile=1&lang=TC"
"a8667609-d4f9-4f40-a8f8-144b61ca580c","屬在建至竣工階段的酒店資料☯属在建至竣工阶段的酒店资料☯Informações sobre os empreendimentos hoteleiros que se encontram em fase de construção ou de conclusão☯Information about the hotel from the stage of construction to completion","屬在建至竣工階段的酒店資料.xlsx","31","https://data.gov.mo/Detail?id=a8667609-d4f9-4f40-a8f8-144b61ca580c","https://api.data.gov.mo/document/download/a8667609-d4f9-4f40-a8f8-144b61ca580c?fileId=1109&isNeedFile=1&lang=TC"
"a9b52a2a-f878-40cb-8d47-7afd4f16bb5b","旅行社資料☯旅行社资料☯Informacoes dos Agencia de Viagens ☯Information of Travel agency","dst_travelagency.xml","31","https://data.gov.mo/Detail?id=a9b52a2a-f878-40cb-8d47-7afd4f16bb5b","https://api.data.gov.mo/document/download/a9b52a2a-f878-40cb-8d47-7afd4f16bb5b?fileId=826&isNeedFile=1&lang=TC"
"ae018aeb-8058-44e7-acd2-e8986638d717","交通意外死亡事故(人數)☯交通意外死亡事故(人數)☯Número de mortes em acidentes de viação (pessoas)☯Traffic accident fatalities (no. of persons)","交通意外死亡事故(人數).xlsx","8664","https://data.gov.mo/Detail?id=ae018aeb-8058-44e7-acd2-e8986638d717","https://api.data.gov.mo/document/download/ae018aeb-8058-44e7-acd2-e8986638d717?fileId=1448&isNeedFile=1&lang=TC"
"b867cde2-8c33-4a07-842b-4cba9d983b7a","陸路口岸跨境汽車流量(架次)☯陆路口岸跨境汽车流量(架次)☯Movimento de automóveis transfronteiriços passados pelos postos fronteiriços terrestres (números)☯Cross-border vehicle flow at land ports (times)","陸路口岸跨境汽車流量(架次).xlsx","8999","https://data.gov.mo/Detail?id=b867cde2-8c33-4a07-842b-4cba9d983b7a","https://api.data.gov.mo/document/download/b867cde2-8c33-4a07-842b-4cba9d983b7a?fileId=1090&isNeedFile=1&lang=TC"
"bdd4e4c9-4a0f-47b5-ac84-1471c326cd5d","澳門區域旅遊數據 - 按時段及統計分區的旅客人數☯澳门区域旅游数据 - 按时段及统计分区的旅客人数☯Dados Turísticos Regionais de Macau - Número de visitantes por período de tempo e zonas estatísticas☯Macao District Tourism Data - Visitor Headcount by Hour and Statistical District","dst_visitor_01_stats.xlsx","145407","https://data.gov.mo/Detail?id=bdd4e4c9-4a0f-47b5-ac84-1471c326cd5d","https://api.data.gov.mo/document/download/bdd4e4c9-4a0f-47b5-ac84-1471c326cd5d?fileId=1714&isNeedFile=1&lang=TC"
"c803457f-8ced-48b6-8b00-eab0f50379d7","旅客詢問處☯旅客询问处☯Informações Turísticas☯Tourist Information","dst_counter.xlsx","12101","https://data.gov.mo/Detail?id=c803457f-8ced-48b6-8b00-eab0f50379d7","https://api.data.gov.mo/document/download/c803457f-8ced-48b6-8b00-eab0f50379d7?fileId=1531&isNeedFile=1&lang=TC"
"ca8e7bbb-4eef-4118-8893-90b3fc8d3cb1","公共巴士乘車人次累計☯公共巴士乘车人次累计☯Número total de passageiros dos autocarros públicos☯Número total de passageiros dos autocarros públicos","Number_of_public_bus_rides.xlsx","8189","https://data.gov.mo/Detail?id=ca8e7bbb-4eef-4118-8893-90b3fc8d3cb1","https://api.data.gov.mo/document/download/ca8e7bbb-4eef-4118-8893-90b3fc8d3cb1?fileId=2046&isNeedFile=1&lang=TC"
"d2e682a0-265a-4838-8dbe-6cae939de9f5","酒店及娛樂場穿梭巴士路線數量☯酒店及娱乐场穿梭巴士路线数量☯N.º de itinerários de autocarros shuttle dos hotéis e casinos☯N.º de itinerários de autocarros shuttle dos hotéis e casinos","Number_of_hotel_casino_shuttle_bus_routes.xlsx","8576","https://data.gov.mo/Detail?id=d2e682a0-265a-4838-8dbe-6cae939de9f5","https://api.data.gov.mo/document/download/d2e682a0-265a-4838-8dbe-6cae939de9f5?fileId=2049&isNeedFile=1&lang=TC"
"e413b592-e47d-4170-889a-e2a935b40395","澳門主要商場之無障礙旅遊設施列表☯澳门主要商场之无障碍旅游设施列表☯Guia de Turismo Livre de Barreiras - Centro comercial☯Barrier-Free Access Guide - Shopping Centres","dst_barrierfree_malls.xml","31","https://data.gov.mo/Detail?id=e413b592-e47d-4170-889a-e2a935b40395","https://api.data.gov.mo/document/download/e413b592-e47d-4170-889a-e2a935b40395?fileId=1932&isNeedFile=1&lang=TC"
"e5b23ebd-ce4f-4442-b519-7e0880a12adc","酒店及娛樂場穿梭巴士乘搭人次及發車班次☯酒店及娱乐场穿梭巴士乘搭人次及发车班次☯N.º de passageiros e frequência de partidas de autocarros shuttle dos hotéis e casinos☯N.º de passageiros e frequência de partidas de autocarros shuttle dos hotéis e casinos","Hotel_casino_shuttle_bus_ridership_and_departure_frequency.xlsx","9792","https://data.gov.mo/Detail?id=e5b23ebd-ce4f-4442-b519-7e0880a12adc","https://api.data.gov.mo/document/download/e5b23ebd-ce4f-4442-b519-7e0880a12adc?fileId=2051&isNeedFile=1&lang=TC"
"e694bc6a-eda2-48d1-bc1e-8b68a661988a","屬設計階段的酒店資料☯属设计阶段的酒店资料☯Informações sobre os empreendimentos hoteleiros em fase de projecto☯Hotel information at the design stage","屬設計階段的酒店資料.xlsx","10780","https://data.gov.mo/Detail?id=e694bc6a-eda2-48d1-bc1e-8b68a661988a","https://api.data.gov.mo/document/download/e694bc6a-eda2-48d1-bc1e-8b68a661988a?fileId=1108&isNeedFile=1&lang=TC"
"e7b2e84d-3333-42f0-b676-64ce95306f0d","巴士路線資料☯巴士路線資料☯Informações das carreiras☯Bus route enquiry","ExportShapeFile.zip","779945","https://data.gov.mo/Detail?id=e7b2e84d-3333-42f0-b676-64ce95306f0d","https://api.data.gov.mo/document/download/e7b2e84d-3333-42f0-b676-64ce95306f0d?fileId=722&isNeedFile=1&lang=TC"
"fa9de3e8-60a2-46a0-a990-a68c8f74d0e6","使用旅行社服務之出境旅遊旅客數量統計☯使用旅行社服务之出境旅游旅客数量统计☯Número de utilizadores dos serviços de agências de viagens para o exterior☯Statistics on the number of outbound travelers using travel agency services","dst_taOutboundService.xml","31","https://data.gov.mo/Detail?id=fa9de3e8-60a2-46a0-a990-a68c8f74d0e6","https://api.data.gov.mo/document/download/fa9de3e8-60a2-46a0-a990-a68c8f74d0e6?fileId=2000&isNeedFile=1&lang=TC"
"fcfef8dd-0262-4d08-8b7d-a53b08a6ae5d","交通燈組 ☯交通灯组 ☯Conjunto de semáforos☯Traffic light set","Traffic_light_set.xlsx","11380","https://data.gov.mo/Detail?id=fcfef8dd-0262-4d08-8b7d-a53b08a6ae5d","https://api.data.gov.mo/document/download/fcfef8dd-0262-4d08-8b7d-a53b08a6ae5d?fileId=998&isNeedFile=1&lang=TC"
