date,year,month,arrivals,same_day_arrivals,arrivals_yoy_pct,same_day_share_pct
2008-01-01,2008,1,1900592.0,1030413.0,,54.21537078973288
2008-02-01,2008,2,2000243.0,1080446.0,,54.01573708794381
2008-03-01,2008,3,2135523.0,1173683.0,,54.959979358686375
2008-04-01,2008,4,1934585.0,1049762.0,,54.2629039303003
2008-05-01,2008,5,2000282.0,1102186.0,,55.10153068417353
2008-06-01,2008,6,1732914.0,936192.0,,54.024146610853165
2008-07-01,2008,7,2061558.0,1089460.0,,52.84643944046202
2008-08-01,2008,8,1940850.0,1019345.0,,52.520545121982636
2008-09-01,2008,9,1627882.0,874482.0,,53.719004203007344
2008-10-01,2008,10,1850175.0,1027643.0,,55.54301620117016
2008-11-01,2008,11,1840056.0,979736.0,,53.24490124213611
2008-12-01,2008,12,1908525.0,959948.0,,50.29790021089585
2009-01-01,2009,1,1915477.0,1036398.0,0.78,54.106522813899616
2009-02-01,2009,2,1654518.0,891124.0,-17.28,53.86003657862894
2009-03-01,2009,3,1884175.0,1002504.0,-11.77,53.20652274868311
2009-04-01,2009,4,1867204.0,978392.0,-3.48,52.39877378154717
2009-05-01,2009,5,1591500.0,883559.0,-20.44,55.517373546968265
2009-06-01,2009,6,1458105.0,779004.0,-15.86,53.42578209388213
2009-07-01,2009,7,1755103.0,922667.0,-14.87,52.57053289749946
2009-08-01,2009,8,2065336.0,1042673.0,6.41,50.48442481029721
2009-09-01,2009,9,1689007.0,851758.0,3.75,50.429512725524525
2009-10-01,2009,10,1946217.0,1025715.0,5.19,52.70301307613693
2009-11-01,2009,11,1890252.0,951923.0,2.73,50.35958168540491
2009-12-01,2009,12,2035857.0,985135.0,6.67,48.3892041533369
2010-01-01,2010,1,2046556.0,1040977.0,6.84,50.86481874915712
2010-02-01,2010,2,2057566.0,1083981.0,24.36,52.68268429785484
2010-03-01,2010,3,2011099.0,1055902.0,6.74,52.503730547327606
2010-04-01,2010,4,2111563.0,1076157.0,13.09,50.964948713346466
2010-05-01,2010,5,2098267.0,1107475.0,31.84,52.78046120917881
2010-06-01,2010,6,1904395.0,984916.0,30.61,51.71805218980306
2010-07-01,2010,7,2162069.0,1105921.0,23.19,51.15105022087639
2010-08-01,2010,8,2357689.0,1241104.0,14.16,52.640700278959606
2010-09-01,2010,9,1839375.0,970605.0,8.9,52.76819571865443
2010-10-01,2010,10,2092343.0,1143513.0,7.51,54.65227259584112
2010-11-01,2010,11,2013188.0,1064673.0,6.5,52.88492679272875
2010-12-01,2010,12,2271301.0,1164316.0,11.56,51.262074027176496
2011-01-01,2011,1,2076066.0,1130951.0,1.44,54.47567659217
2011-02-01,2011,2,2164249.0,1181261.0,5.18,54.58064206105674
2011-03-01,2011,3,2190865.0,1206451.0,8.94,55.067336417351136
2011-04-01,2011,4,2338449.0,1271544.0,10.74,54.37552839510291
2011-05-01,2011,5,2295551.0,1258741.0,9.4,54.83393747296401
2011-06-01,2011,6,2181476.0,1142014.0,14.55,52.350518639673325
2011-07-01,2011,7,2550867.0,1323512.0,17.98,51.88479054376414
2011-08-01,2011,8,2698003.0,1411916.0,14.43,52.33189140264114
2011-09-01,2011,9,2166627.0,1145615.0,17.79,52.87550649004189
2011-10-01,2011,10,2376643.0,1333204.0,13.59,56.09609857265058
2011-11-01,2011,11,2417765.0,1317503.0,20.1,54.492599570264275
2011-12-01,2011,12,2545718.0,1354407.0,12.08,53.20333988289355
2012-01-01,2012,1,2461640.0,1371090.0,18.57,55.69823369785996
2012-02-01,2012,2,2130977.0,1136136.0,-1.54,53.31526337449912
2012-03-01,2012,3,2349703.0,1274063.0,7.25,54.22229958424533
2012-04-01,2012,4,2382156.0,1257210.0,1.87,52.77614060540116
2012-05-01,2012,5,2146542.0,1109995.0,-6.49,51.71084469812377
2012-06-01,2012,6,2106696.0,1041419.0,-3.43,49.43375788438389
2012-07-01,2012,7,2444264.0,1196291.0,-4.18,48.942790140508556
2012-08-01,2012,8,2681141.0,1346349.0,-0.62,50.21552391313997
2012-09-01,2012,9,2161566.0,1082486.0,-0.23,50.078785473124576
2012-10-01,2012,10,2347646.0,1232327.0,-1.22,52.49202818482855
2012-11-01,2012,11,2374110.0,1214337.0,-1.81,51.149146416973096
2012-12-01,2012,12,2495851.0,1243291.0,-1.96,49.81431183191625
2013-01-01,2013,1,2312321.0,1195450.0,-6.07,51.69913692778814
2013-02-01,2013,2,2376840.0,1263616.0,11.54,53.16369633631208
2013-03-01,2013,3,2387281.0,1216775.0,1.6,50.96907318409521
2013-04-01,2013,4,2398340.0,1238786.0,0.68,51.65180916800787
2013-05-01,2013,5,2342523.0,1211591.0,9.13,51.721626639311545
2013-06-01,2013,6,2324935.0,1164332.0,10.36,50.08019579041995
2013-07-01,2013,7,2565170.0,1287741.0,4.95,50.2010003235653
2013-08-01,2013,8,2871088.0,1445589.0,7.08,50.34986736735342
2013-09-01,2013,9,2332325.0,1178340.0,7.9,50.52211848691756
2013-10-01,2013,10,2394195.0,1269280.0,1.98,53.01489644744893
2013-11-01,2013,11,2432975.0,1271023.0,2.48,52.24151501762246
2013-12-01,2013,12,2586829.0,1313836.0,3.65,50.78944143582741
2014-01-01,2014,1,2503609.0,1344101.0,8.27,53.68653811357924
2014-02-01,2014,2,2560560.0,1383257.0,7.73,54.02165932452276
2014-03-01,2014,3,2625997.0,1393993.0,10.0,53.084333302741776
2014-04-01,2014,4,2636614.0,1426093.0,9.93,54.088046259331094
2014-05-01,2014,5,2525026.0,1351799.0,7.79,53.53604279718308
2014-06-01,2014,6,2432041.0,1297678.0,4.61,53.35757086332015
2014-07-01,2014,7,2753394.0,1445797.0,7.34,52.509629933093485
2014-08-01,2014,8,3086271.0,1666809.0,7.49,54.00721453171157
2014-09-01,2014,9,2405497.0,1241926.0,3.14,51.62866551070319
2014-10-01,2014,10,2654180.0,1470484.0,10.86,55.40257254594639
2014-11-01,2014,11,2802373.0,1562331.0,15.18,55.750287345760185
2014-12-01,2014,12,2540070.0,1375681.0,-1.81,54.15917671560233
2015-01-01,2015,1,2465612.0,1377093.0,-1.52,55.8519750877267
2015-02-01,2015,2,2676024.0,1574123.0,4.51,58.823201884586986
2015-03-01,2015,3,2270585.0,1242058.0,-13.53,54.70211421285704
2015-04-01,2015,4,2547435.0,1387618.0,-3.38,54.47118375935009
2015-05-01,2015,5,2548562.0,1386839.0,0.93,54.41652979209452
2015-06-01,2015,6,2248281.0,1172411.0,-7.56,52.1469958603929
2015-07-01,2015,7,2648894.0,1353271.0,-3.8,51.08815226279345
2015-08-01,2015,8,3033081.0,1608385.0,-1.72,53.02809255671049
2015-09-01,2015,9,2415499.0,1242519.0,0.42,51.439433425557205
2015-10-01,2015,10,2637106.0,1414348.0,-0.64,53.632580563693686
2015-11-01,2015,11,2589451.0,1344381.0,-7.6,51.91760724570575
2015-12-01,2015,12,2634098.0,1303815.0,3.7,49.49758892797458
2016-01-01,2016,1,2445876.0,1299974.0,-0.8,53.149628190472455
2016-02-01,2016,2,2644289.0,1454944.0,-1.19,55.02212504003912
2016-03-01,2016,3,2366941.0,1193671.0,4.24,50.43095708765026
2016-04-01,2016,4,2471253.0,1247036.0,-2.99,50.46168886795484
2016-05-01,2016,5,2477591.0,1272242.0,-2.78,51.349960505991504
2016-06-01,2016,6,2358346.0,1133170.0,4.9,48.04935323315578
2016-07-01,2016,7,2794855.0,1339066.0,5.51,47.91182369031667
2016-08-01,2016,8,2882557.0,1405647.0,-4.96,48.763892613398454
2016-09-01,2016,9,2427086.0,1115553.0,0.48,45.96264821271269
2016-10-01,2016,10,2678447.0,1307480.0,1.57,48.81485427936413
2016-11-01,2016,11,2588645.0,1213893.0,-0.03,46.892988416719945
2016-12-01,2016,12,2814450.0,1264044.0,6.85,44.912647231253
2017-01-01,2017,1,2876046.0,1513000.0,17.59,52.606947176783684
2017-02-01,2017,2,2495196.0,1263236.0,-5.64,50.62672431344071
2017-03-01,2017,3,2501219.0,1164835.0,5.67,46.57069213051716
2017-04-01,2017,4,2742799.0,1301637.0,10.99,47.45652160439026
2017-05-01,2017,5,2570428.0,1194092.0,3.75,46.454987262821604
2017-06-01,2017,6,2378615.0,1030008.0,0.86,43.30284640431512
2017-07-01,2017,7,2917953.0,1308527.0,4.4,44.8440053695176
2017-08-01,2017,8,2866400.0,1318619.0,-0.56,46.00261652246721
2017-09-01,2017,9,2486383.0,1104357.0,2.44,44.41620619188596
2017-10-01,2017,10,2888716.0,1417680.0,7.85,49.07647549984145
2017-11-01,2017,11,2833061.0,1321292.0,9.44,46.63831805951231
2017-12-01,2017,12,3053690.0,1418385.0,8.5,46.44823148387688
2018-01-01,2018,1,2741465.0,1258358.0,-4.68,45.90093253059951
2018-02-01,2018,2,3070937.0,1674869.0,23.07,54.53934743695491
2018-03-01,2018,3,2733311.0,1282048.0,9.28,46.9045783666769
2018-04-01,2018,4,2960879.0,1419108.0,7.95,47.928604985208786
2018-05-01,2018,5,2704745.0,1255314.0,5.23,46.41154711442299
2018-06-01,2018,6,2602853.0,1157422.0,9.43,44.46743630931136
2018-07-01,2018,7,3034297.0,1397393.0,3.99,46.05327032917344
2018-08-01,2018,8,3403503.0,1603257.0,18.74,47.10608452526706
2018-09-01,2018,9,2561274.0,1152948.0,3.01,45.014629438318586
2018-10-01,2018,10,3154291.0,1604400.0,9.19,50.864045200648896
2018-11-01,2018,11,3266283.0,1677037.0,15.29,51.34389763532431
2018-12-01,2018,12,3569825.0,1828558.0,16.9,51.22262295770801
2019-01-01,2019,1,3425126.0,1783758.0,24.94,52.078609662827006
2019-02-01,2019,2,3545701.0,2035523.0,15.46,57.40819657382278
2019-03-01,2019,3,3388931.0,1805451.0,23.99,53.27494127204124
2019-04-01,2019,4,3432187.0,1807902.0,15.92,52.674927094590124
2019-05-01,2019,5,3396835.0,1798738.0,25.59,52.95335216458851
2019-06-01,2019,6,3095853.0,1567434.0,18.94,50.630117127654316
2019-07-01,2019,7,3530233.0,1815749.0,16.34,51.43425377305124
2019-08-01,2019,8,3623116.0,1926319.0,6.45,53.1674668986585
2019-09-01,2019,9,2764924.0,1388301.0,7.95,50.2111812114908
2019-10-01,2019,10,3209751.0,1734832.0,1.76,54.04880316261293
2019-11-01,2019,11,2910118.0,1501711.0,-10.9,51.60309650673959
2019-12-01,2019,12,3083406.0,1607764.0,-13.63,52.14246842614953
2020-01-01,2020,1,2850465.0,1530832.0,-16.78,53.704641172580615
2020-02-01,2020,2,156394.0,81090.0,-95.59,51.84981521030218
2020-03-01,2020,3,212311.0,86415.0,-93.74,40.70208326464479
2020-04-01,2020,4,11041.0,4658.0,-99.68,42.18820758989222
2020-05-01,2020,5,16133.0,7018.0,-99.53,43.50089877890039
2020-06-01,2020,6,22556.0,13205.0,-99.27,58.54318141514453
2020-07-01,2020,7,74006.0,50210.0,-97.9,67.84585033645921
2020-08-01,2020,8,227113.0,156481.0,-93.73,68.90006296425128
2020-09-01,2020,9,449085.0,289474.0,-83.76,64.45862141910774
2020-10-01,2020,10,581986.0,273764.0,-81.87,47.03961950974766
2020-11-01,2020,11,636351.0,312557.0,-78.13,49.117075324781446
2020-12-01,2020,12,659407.0,269107.0,-78.61,40.81045545467367
2021-01-01,2021,1,556765.0,287818.0,-80.47,51.694700636713875
2021-02-01,2021,2,427122.0,181813.0,173.11,42.566994910119355
2021-03-01,2021,3,754541.0,349605.0,255.39,46.3334663060059
2021-04-01,2021,4,794819.0,344240.0,7098.8,43.310489558
2021-05-01,2021,5,866063.0,392255.0,5268.27,45.29173974641568
2021-06-01,2021,6,528519.0,313441.0,2243.14,59.3055311161945
2021-07-01,2021,7,789407.0,376672.0,966.68,47.715817062681225
2021-08-01,2021,8,409207.0,257966.0,80.18,63.04046607218351
2021-09-01,2021,9,629085.0,348058.0,40.08,55.327658424537226
2021-10-01,2021,10,328245.0,216829.0,-43.6,66.05706103672561
2021-11-01,2021,11,801300.0,513887.0,25.92,64.13166105079246
2021-12-01,2021,12,820870.0,426559.0,24.49,51.96425743418568
2022-01-01,2022,1,694430.0,450428.0,24.73,64.86298115000793
2022-02-01,2022,2,655505.0,376033.0,53.47,57.36539004279143
2022-03-01,2022,3,526912.0,369661.0,-30.17,70.15611715049192
2022-04-01,2022,4,606841.0,425903.0,-23.65,70.18362305776967
2022-05-01,2022,5,600748.0,358920.0,-30.63,59.74551725515524
2022-06-01,2022,6,380671.0,199881.0,-27.97,52.50754588608011
2022-07-01,2022,7,9759.0,7189.0,-98.76,73.66533456296752
2022-08-01,2022,8,331397.0,153756.0,-19.01,46.39631620081051
2022-09-01,2022,9,557842.0,277572.0,-11.32,49.758175253924946
2022-10-01,2022,10,580333.0,266791.0,76.8,45.97205397590694
2022-11-01,2022,11,366511.0,170232.0,-54.26,46.44662779561869
2022-12-01,2022,12,389390.0,159945.0,-52.56,41.07578520249621
2023-01-01,2023,1,1397748.0,581549.0,101.28,41.606140734953655
2023-02-01,2023,2,1593743.0,750341.0,143.13,47.08042639246102
2023-03-01,2023,3,1956867.0,977715.0,271.38,49.96328314596751
2023-04-01,2023,4,2274050.0,1097594.0,274.74,48.26604516171588
2023-05-01,2023,5,2213807.0,1124977.0,268.51,50.816399080859355
2023-06-01,2023,6,2209662.0,1045878.0,480.47,47.3320353972689
2023-07-01,2023,7,2759544.0,1327863.0,28176.91,48.118928344683034
2023-08-01,2023,8,3221691.0,1653866.0,872.15,51.335339112286064
2023-09-01,2023,9,2301056.0,1131585.0,312.49,49.17676927462869
2023-10-01,2023,10,2757308.0,1451703.0,375.13,52.64928691317763
2023-11-01,2023,11,2583597.0,1356802.0,604.92,52.51600772101841
2023-12-01,2023,12,2943930.0,1485901.0,656.04,50.4733808208755
2024-01-01,2024,1,2861609.0,1480098.0,104.73,51.72257984930855
2024-02-01,2024,2,3293564.0,1867660.0,106.66,56.706352146185715
2024-03-01,2024,3,2720584.0,1443963.0,39.03,53.0754793823679
2024-04-01,2024,4,2600717.0,1349927.0,14.36,51.905955165440915
2024-05-01,2024,5,2692191.0,1430741.0,21.61,53.1441119890825
2024-06-01,2024,6,2551318.0,1316114.0,15.46,51.58565102429411
2024-07-01,2024,7,3021189.0,1596662.0,9.48,52.848795623180145
2024-08-01,2024,8,3651731.0,2041362.0,13.35,55.901215067593974
2024-09-01,2024,9,2528011.0,1308147.0,9.86,51.74609604151248
2024-10-01,2024,10,3135358.0,1789072.0,13.71,57.0611713239764
2024-11-01,2024,11,2832041.0,1548454.0,9.62,54.676256452501924
2024-12-01,2024,12,3040337.0,1712682.0,3.27,56.33197898785562
2025-01-01,2025,1,3646561.0,2155279.0,27.43,59.10442743176379
2025-02-01,2025,2,3147184.0,1887826.0,-4.44,59.984608462676476
2025-03-01,2025,3,3068920.0,1780279.0,12.8,58.00995138354861
2025-04-01,2025,4,3092791.0,1755592.0,18.92,56.764003775230854
2025-05-01,2025,5,3372081.0,1992296.0,25.25,59.08209203752816
2025-06-01,2025,6,2891003.0,1611641.0,13.31,55.74677715657853
2025-07-01,2025,7,3458366.0,1980732.0,14.47,57.27363731889569
2025-08-01,2025,8,4219034.0,2553316.0,15.54,60.51897187839681
2025-09-01,2025,9,2775130.0,1561568.0,9.78,56.270084644683315
2025-10-01,2025,10,3472477.0,2103520.0,10.75,60.576931107103086
2025-11-01,2025,11,3345683.0,2035555.0,18.14,60.84123929254505
2025-12-01,2025,12,3580130.0,2107339.0,17.75,58.86208042724706
2026-01-01,2026,1,3647328.0,2254699.0,0.02,61.81782938085086
2026-02-01,2026,2,4172940.0,2676431.0,32.59,64.1377781612005
2026-03-01,2026,3,3393636.0,2076190.0,10.58,61.17892431598439
2026-04-01,2026,4,3441396.0,2095953.0,11.27,60.90415052496138
2026-05-01,2026,5,3487994.0,2149311.0,3.44,61.62026081466883
2026-06-01,2026,6,2801152.0,1637260.0,-3.11,58.44952362456589
2026-07-01,2026,7,3542218.0,2107744.0,2.42,59.50350881848605
2026-08-01,2026,8,4478073.0,2853011.0,6.14,63.710685377393354
