year,gw,date,series,arrivals,gw_label,day_index,month_baseline_daily,ratio_vs_month_avg
2017,Spring Festival Golden Week,2017-01-27,Total Visitor Arrivals,65329,Spring Festival Golden Week 2017,1,92775.67741935483,0.7041608513911113
2017,Spring Festival Golden Week,2017-01-28,Total Visitor Arrivals,100409,Spring Festival Golden Week 2017,2,92775.67741935483,1.0822771958445727
2017,Spring Festival Golden Week,2017-01-29,Total Visitor Arrivals,123223,Spring Festival Golden Week 2017,3,92775.67741935483,1.3281821639848599
2017,Spring Festival Golden Week,2017-01-30,Total Visitor Arrivals,166048,Spring Festival Golden Week 2017,4,92775.67741935483,1.7897794402453926
2017,Spring Festival Golden Week,2017-01-31,Total Visitor Arrivals,156179,Spring Festival Golden Week 2017,5,92775.67741935483,1.6834045769782542
2017,Spring Festival Golden Week,2017-02-01,Total Visitor Arrivals,154351,Spring Festival Golden Week 2017,6,89114.14285714286,1.732059525584363
2017,Spring Festival Golden Week,2017-02-02,Total Visitor Arrivals,138832,Spring Festival Golden Week 2017,7,89114.14285714286,1.5579120838603462
2017,1st October Golden Week,2017-10-01,Total Visitor Arrivals,111482,1st October Golden Week 2017,1,93184.3870967742,1.1963592128821248
2017,1st October Golden Week,2017-10-02,Total Visitor Arrivals,130112,1st October Golden Week 2017,2,93184.3870967742,1.3962854084652143
2017,1st October Golden Week,2017-10-03,Total Visitor Arrivals,130581,1st October Golden Week 2017,3,93184.3870967742,1.4013184404420511
2017,1st October Golden Week,2017-10-04,Total Visitor Arrivals,90992,1st October Golden Week 2017,4,93184.3870967742,0.9764725919751197
2017,1st October Golden Week,2017-10-05,Total Visitor Arrivals,133667,1st October Golden Week 2017,5,93184.3870967742,1.4344355762214076
2017,1st October Golden Week,2017-10-06,Total Visitor Arrivals,130034,1st October Golden Week 2017,6,93184.3870967742,1.3954483583709856
2017,1st October Golden Week,2017-10-07,Total Visitor Arrivals,107821,1st October Golden Week 2017,7,93184.3870967742,1.1570715155106974
2018,Spring Festival Golden Week,2018-02-15,Total Visitor Arrivals,69661,Spring Festival Golden Week 2018,1,109676.32142857143,0.6351507699441571
2018,Spring Festival Golden Week,2018-02-16,Total Visitor Arrivals,107353,Spring Festival Golden Week 2018,2,109676.32142857143,0.9788165631532004
2018,Spring Festival Golden Week,2018-02-17,Total Visitor Arrivals,136509,Spring Festival Golden Week 2018,3,109676.32142857143,1.2446533419604504
2018,Spring Festival Golden Week,2018-02-18,Total Visitor Arrivals,185079,Spring Festival Golden Week 2018,4,109676.32142857143,1.6875018927447876
2018,Spring Festival Golden Week,2018-02-19,Total Visitor Arrivals,166538,Spring Festival Golden Week 2018,5,109676.32142857143,1.5184499063315202
2018,Spring Festival Golden Week,2018-02-20,Total Visitor Arrivals,157666,Spring Festival Golden Week 2018,6,109676.32142857143,1.437557331850181
2018,Spring Festival Golden Week,2018-02-21,Total Visitor Arrivals,135739,Spring Festival Golden Week 2018,7,109676.32142857143,1.2376326834448248
2018,1st October Golden Week,2018-10-01,Total Visitor Arrivals,130876,1st October Golden Week 2018,1,101751.32258064517,1.2862338953508095
2018,1st October Golden Week,2018-10-02,Total Visitor Arrivals,142156,1st October Golden Week 2018,2,101751.32258064517,1.397092405234647
2018,1st October Golden Week,2018-10-03,Total Visitor Arrivals,145742,1st October Golden Week 2018,3,101751.32258064517,1.432335190380342
2018,1st October Golden Week,2018-10-04,Total Visitor Arrivals,136096,1st October Golden Week 2018,4,101751.32258064517,1.33753543981833
2018,1st October Golden Week,2018-10-05,Total Visitor Arrivals,134065,1st October Golden Week 2018,5,101751.32258064517,1.31757501130999
2018,1st October Golden Week,2018-10-06,Total Visitor Arrivals,112934,1st October Golden Week 2018,6,101751.32258064517,1.1099020350373507
2018,1st October Golden Week,2018-10-07,Total Visitor Arrivals,81416,1st October Golden Week 2018,7,101751.32258064517,0.8001468475800108
2019,Spring Festival Golden Week,2019-02-04,Total Visitor Arrivals,84216,Spring Festival Golden Week 2019,1,126632.17857142857,0.6650442324380991
2019,Spring Festival Golden Week,2019-02-05,Total Visitor Arrivals,141041,Spring Festival Golden Week 2019,2,126632.17857142857,1.1137848340849947
2019,Spring Festival Golden Week,2019-02-06,Total Visitor Arrivals,175453,Spring Festival Golden Week 2019,3,126632.17857142857,1.3855325082402605
2019,Spring Festival Golden Week,2019-02-07,Total Visitor Arrivals,226326,Spring Festival Golden Week 2019,4,126632.17857142857,1.7872708386860596
2019,Spring Festival Golden Week,2019-02-08,Total Visitor Arrivals,213003,Spring Festival Golden Week 2019,5,126632.17857142857,1.682060613684008
2019,Spring Festival Golden Week,2019-02-09,Total Visitor Arrivals,197196,Spring Festival Golden Week 2019,6,126632.17857142857,1.5572345214669823
2019,Spring Festival Golden Week,2019-02-10,Total Visitor Arrivals,164677,Spring Festival Golden Week 2019,7,126632.17857142857,1.3004356543318234
2019,1st October Golden Week,2019-10-01,Total Visitor Arrivals,134988,1st October Golden Week 2019,1,103540.35483870968,1.303723559864924
2019,1st October Golden Week,2019-10-02,Total Visitor Arrivals,159297,1st October Golden Week 2019,2,103540.35483870968,1.5385015847023646
2019,1st October Golden Week,2019-10-03,Total Visitor Arrivals,161581,1st October Golden Week 2019,3,103540.35483870968,1.5605606166958121
2019,1st October Golden Week,2019-10-04,Total Visitor Arrivals,154122,1st October Golden Week 2019,4,103540.35483870968,1.4885210721953197
2019,1st October Golden Week,2019-10-05,Total Visitor Arrivals,162084,1st October Golden Week 2019,5,103540.35483870968,1.5654186259307965
2019,1st October Golden Week,2019-10-06,Total Visitor Arrivals,124949,1st October Golden Week 2019,6,103540.35483870968,1.2067661946362818
2019,1st October Golden Week,2019-10-07,Total Visitor Arrivals,77316,1st October Golden Week 2019,7,103540.35483870968,0.7467233439603259
2020,Spring Festival Golden Week,2020-01-24,Total Visitor Arrivals,55130,Spring Festival Golden Week 2020,1,91950.48387096774,0.5995618258775323
2020,Spring Festival Golden Week,2020-01-25,Total Visitor Arrivals,57971,Spring Festival Golden Week 2020,2,91950.48387096774,0.6304588900407477
2020,Spring Festival Golden Week,2020-01-26,Total Visitor Arrivals,45528,Spring Festival Golden Week 2020,3,91950.48387096774,0.49513605674863576
2020,Spring Festival Golden Week,2020-01-27,Total Visitor Arrivals,36143,Spring Festival Golden Week 2020,4,91950.48387096774,0.39307025344987573
2020,Spring Festival Golden Week,2020-01-28,Total Visitor Arrivals,27130,Spring Festival Golden Week 2020,5,91950.48387096774,0.2950501058599211
2020,Spring Festival Golden Week,2020-01-29,Total Visitor Arrivals,21657,Spring Festival Golden Week 2020,6,91950.48387096774,0.23552894001505018
2020,Spring Festival Golden Week,2020-01-30,Total Visitor Arrivals,17895,Spring Festival Golden Week 2020,7,91950.48387096774,0.1946156153469697
2020,1st October Golden Week,2020-10-01,Total Visitor Arrivals,15254,1st October Golden Week 2020,1,18773.74193548387,0.8125178268893066
2020,1st October Golden Week,2020-10-02,Total Visitor Arrivals,21782,1st October Golden Week 2020,2,18773.74193548387,1.1602375314870117
2020,1st October Golden Week,2020-10-03,Total Visitor Arrivals,20182,1st October Golden Week 2020,3,18773.74193548387,1.0750121136934565
2020,1st October Golden Week,2020-10-04,Total Visitor Arrivals,18246,1st October Golden Week 2020,4,18773.74193548387,0.9718893581632547
2020,1st October Golden Week,2020-10-05,Total Visitor Arrivals,20458,1st October Golden Week 2020,5,18773.74193548387,1.0897134982628447
2020,1st October Golden Week,2020-10-06,Total Visitor Arrivals,19958,1st October Golden Week 2020,6,18773.74193548387,1.0630805552023588
2020,1st October Golden Week,2020-10-07,Total Visitor Arrivals,17571,1st October Golden Week 2020,7,18773.74193548387,0.9359348850315987
2020,1st October Golden Week,2020-10-08,Total Visitor Arrivals,15678,1st October Golden Week 2020,8,18773.74193548387,0.8351025626045987
2021,Spring Festival Golden Week,2021-02-11,Total Visitor Arrivals,8164,Spring Festival Golden Week 2021,1,15254.357142857143,0.5351913504806589
2021,Spring Festival Golden Week,2021-02-12,Total Visitor Arrivals,9075,Spring Festival Golden Week 2021,2,15254.357142857143,0.5949119923581553
2021,Spring Festival Golden Week,2021-02-13,Total Visitor Arrivals,13208,Spring Festival Golden Week 2021,3,15254.357142857143,0.8658509746629769
2021,Spring Festival Golden Week,2021-02-14,Total Visitor Arrivals,17353,Spring Festival Golden Week 2021,4,15254.357142857143,1.1375766174535613
2021,Spring Festival Golden Week,2021-02-15,Total Visitor Arrivals,15212,Spring Festival Golden Week 2021,5,15254.357142857143,0.9972232757853727
2021,Spring Festival Golden Week,2021-02-16,Total Visitor Arrivals,14935,Spring Festival Golden Week 2021,6,15254.357142857143,0.979064529572347
2021,Spring Festival Golden Week,2021-02-17,Total Visitor Arrivals,13224,Spring Festival Golden Week 2021,7,15254.357142857143,0.8668998553106606
2021,1st October Golden Week,2021-10-01,Total Visitor Arrivals,1958,1st October Golden Week 2021,1,10588.548387096775,0.18491675425368245
2021,1st October Golden Week,2021-10-02,Total Visitor Arrivals,1553,1st October Golden Week 2021,2,10588.548387096775,0.14666788526862556
2021,1st October Golden Week,2021-10-03,Total Visitor Arrivals,1889,1st October Golden Week 2021,3,10588.548387096775,0.17840028027845053
2021,1st October Golden Week,2021-10-04,Total Visitor Arrivals,1716,1st October Golden Week 2021,4,10588.548387096775,0.16206187451446327
2021,1st October Golden Week,2021-10-05,Total Visitor Arrivals,757,1st October Golden Week 2021,5,10588.548387096775,0.07149233042392115
2021,1st October Golden Week,2021-10-06,Total Visitor Arrivals,620,1st October Golden Week 2021,6,10588.548387096775,0.058553824125272276
2021,1st October Golden Week,2021-10-07,Total Visitor Arrivals,528,1st October Golden Week 2021,7,10588.548387096775,0.04986519215829639
2022,Spring Festival Golden Week,2022-01-31,Total Visitor Arrivals,9694,Spring Festival Golden Week 2022,1,22400.967741935485,0.4327491611825526
2022,Spring Festival Golden Week,2022-02-01,Total Visitor Arrivals,10124,Spring Festival Golden Week 2022,2,23410.89285714286,0.43244826507806955
2022,Spring Festival Golden Week,2022-02-02,Total Visitor Arrivals,15103,Spring Festival Golden Week 2022,3,23410.89285714286,0.6451270394581277
2022,Spring Festival Golden Week,2022-02-03,Total Visitor Arrivals,21967,Spring Festival Golden Week 2022,4,23410.89285714286,0.9383238876896438
2022,Spring Festival Golden Week,2022-02-04,Total Visitor Arrivals,19860,Spring Festival Golden Week 2022,5,23410.89285714286,0.8483230486418867
2022,Spring Festival Golden Week,2022-02-05,Total Visitor Arrivals,18908,Spring Festival Golden Week 2022,6,23410.89285714286,0.8076582177100098
2022,Spring Festival Golden Week,2022-02-06,Total Visitor Arrivals,17953,Spring Festival Golden Week 2022,7,23410.89285714286,0.7668652413025072
2022,1st October Golden Week,2022-10-01,Total Visitor Arrivals,36887,1st October Golden Week 2022,1,18720.41935483871,1.9704152615825743
2022,1st October Golden Week,2022-10-02,Total Visitor Arrivals,27726,1st October Golden Week 2022,2,18720.41935483871,1.4810565657992911
2022,1st October Golden Week,2022-10-03,Total Visitor Arrivals,25187,1st October Golden Week 2022,3,18720.41935483871,1.3454292621649984
2022,1st October Golden Week,2022-10-04,Total Visitor Arrivals,24910,1st October Golden Week 2022,4,18720.41935483871,1.3306325850847704
2022,1st October Golden Week,2022-10-05,Total Visitor Arrivals,24531,1st October Golden Week 2022,5,18720.41935483871,1.310387312112184
2022,1st October Golden Week,2022-10-06,Total Visitor Arrivals,19705,1st October Golden Week 2022,6,18720.41935483871,1.0525939417541308
2022,1st October Golden Week,2022-10-07,Total Visitor Arrivals,15978,1st October Golden Week 2022,7,18720.41935483871,0.8535065212558997
2023,Spring Festival Golden Week,2023-01-21,Total Visitor Arrivals,32449,Spring Festival Golden Week 2023,1,45088.645161290326,0.719671213981347
2023,Spring Festival Golden Week,2023-01-22,Total Visitor Arrivals,50028,Spring Festival Golden Week 2023,2,45088.645161290326,1.1095476437812823
2023,Spring Festival Golden Week,2023-01-23,Total Visitor Arrivals,71596,Spring Festival Golden Week 2023,3,45088.645161290326,1.5878942413081614
2023,Spring Festival Golden Week,2023-01-24,Total Visitor Arrivals,90317,Spring Festival Golden Week 2023,4,45088.645161290326,2.0030985556767025
2023,Spring Festival Golden Week,2023-01-25,Total Visitor Arrivals,73237,Spring Festival Golden Week 2023,5,45088.645161290326,1.6242892137924718
2023,Spring Festival Golden Week,2023-01-26,Total Visitor Arrivals,69126,Spring Festival Golden Week 2023,6,45088.645161290326,1.5331132650520694
2023,Spring Festival Golden Week,2023-01-27,Total Visitor Arrivals,63545,Spring Festival Golden Week 2023,7,45088.645161290326,1.4093348729527782
2023,1st October Golden Week,2023-09-29,Total Visitor Arrivals,87475,1st October Golden Week 2023,1,76701.86666666667,1.1404546434332758
2023,1st October Golden Week,2023-09-30,Total Visitor Arrivals,158476,1st October Golden Week 2023,2,76701.86666666667,2.0661296378706124
2023,1st October Golden Week,2023-10-01,Total Visitor Arrivals,149415,1st October Golden Week 2023,3,88945.41935483871,1.6798504193220343
2023,1st October Golden Week,2023-10-02,Total Visitor Arrivals,132801,1st October Golden Week 2023,4,88945.41935483871,1.493061710915139
2023,1st October Golden Week,2023-10-03,Total Visitor Arrivals,123877,1st October Golden Week 2023,5,88945.41935483871,1.3927305183171412
2023,1st October Golden Week,2023-10-04,Total Visitor Arrivals,112025,1st October Golden Week 2023,6,88945.41935483871,1.2594802611822835
2023,1st October Golden Week,2023-10-05,Total Visitor Arrivals,88861,1st October Golden Week 2023,7,88945.41935483871,0.9990508858640383
2023,1st October Golden Week,2023-10-06,Total Visitor Arrivals,70357,1st October Golden Week 2023,8,88945.41935483871,0.7910131911269978
2024,Spring Festival Golden Week,2024-02-10,Total Visitor Arrivals,121312,Spring Festival Golden Week 2024,1,113571.1724137931,1.0681583840484048
2024,Spring Festival Golden Week,2024-02-11,Total Visitor Arrivals,163353,Spring Festival Golden Week 2024,2,113571.1724137931,1.4383315460091257
2024,Spring Festival Golden Week,2024-02-12,Total Visitor Arrivals,217419,Spring Festival Golden Week 2024,3,113571.1724137931,1.914385449925977
2024,Spring Festival Golden Week,2024-02-13,Total Visitor Arrivals,200885,Spring Festival Golden Week 2024,4,113571.1724137931,1.7688027316305377
2024,Spring Festival Golden Week,2024-02-14,Total Visitor Arrivals,195520,Spring Festival Golden Week 2024,5,113571.1724137931,1.7215636313731872
2024,Spring Festival Golden Week,2024-02-15,Total Visitor Arrivals,176879,Spring Festival Golden Week 2024,6,113571.1724137931,1.5574286699757467
2024,Spring Festival Golden Week,2024-02-16,Total Visitor Arrivals,156308,Spring Festival Golden Week 2024,7,113571.1724137931,1.3762999595574885
2024,Spring Festival Golden Week,2024-02-17,Total Visitor Arrivals,125029,Spring Festival Golden Week 2024,8,113571.1724137931,1.1008867597532643
2024,1st October Golden Week,2024-10-01,Total Visitor Arrivals,130474,1st October Golden Week 2024,1,101140.58064516129,1.290026210722986
2024,1st October Golden Week,2024-10-02,Total Visitor Arrivals,158847,1st October Golden Week 2024,2,101140.58064516129,1.5705565361276128
2024,1st October Golden Week,2024-10-03,Total Visitor Arrivals,165547,1st October Golden Week 2024,3,101140.58064516129,1.6368009649934714
2024,1st October Golden Week,2024-10-04,Total Visitor Arrivals,154154,1st October Golden Week 2024,4,101140.58064516129,1.5241557742369451
2024,1st October Golden Week,2024-10-05,Total Visitor Arrivals,141732,1st October Golden Week 2024,5,101140.58064516129,1.401336625674006
2024,1st October Golden Week,2024-10-06,Total Visitor Arrivals,114104,1st October Golden Week 2024,6,101140.58064516129,1.128172285270135
2024,1st October Golden Week,2024-10-07,Total Visitor Arrivals,68002,1st October Golden Week 2024,7,101140.58064516129,0.6723512913038958
2025,Spring Festival Golden Week,2025-01-28,Total Visitor Arrivals,78993,Spring Festival Golden Week 2025,1,117631.0,0.6715321641404052
2025,Spring Festival Golden Week,2025-01-29,Total Visitor Arrivals,131885,Spring Festival Golden Week 2025,2,117631.0,1.1211755404612729
2025,Spring Festival Golden Week,2025-01-30,Total Visitor Arrivals,172771,Spring Festival Golden Week 2025,3,117631.0,1.4687539849189415
2025,Spring Festival Golden Week,2025-01-31,Total Visitor Arrivals,219106,Spring Festival Golden Week 2025,4,117631.0,1.8626552524419584
2025,Spring Festival Golden Week,2025-02-01,Total Visitor Arrivals,218367,Spring Festival Golden Week 2025,5,112399.42857142857,1.9427767807665521
2025,Spring Festival Golden Week,2025-02-02,Total Visitor Arrivals,189119,Spring Festival Golden Week 2025,6,112399.42857142857,1.6825619347327643
2025,Spring Festival Golden Week,2025-02-03,Total Visitor Arrivals,162152,Spring Festival Golden Week 2025,7,112399.42857142857,1.4426407861758321
2025,Spring Festival Golden Week,2025-02-04,Total Visitor Arrivals,137208,Spring Festival Golden Week 2025,8,112399.42857142857,1.220717949760802
2025,1st October Golden Week,2025-10-01,Total Visitor Arrivals,138749,1st October Golden Week 2025,1,112015.3870967742,1.2386601840703335
2025,1st October Golden Week,2025-10-02,Total Visitor Arrivals,162599,1st October Golden Week 2025,2,112015.3870967742,1.4515773610595548
2025,1st October Golden Week,2025-10-03,Total Visitor Arrivals,180086,1st October Golden Week 2025,3,112015.3870967742,1.6076898421501424
2025,1st October Golden Week,2025-10-04,Total Visitor Arrivals,190143,1st October Golden Week 2025,4,112015.3870967742,1.6974721502835008
2025,1st October Golden Week,2025-10-05,Total Visitor Arrivals,111679,1st October Golden Week 2025,5,112015.3870967742,0.9969969563513308
2025,1st October Golden Week,2025-10-06,Total Visitor Arrivals,126374,1st October Golden Week 2025,6,112015.3870967742,1.1281842903495112
2025,1st October Golden Week,2025-10-07,Total Visitor Arrivals,134967,1st October Golden Week 2025,7,112015.3870967742,1.2048969654802608
2025,1st October Golden Week,2025-10-08,Total Visitor Arrivals,86426,1st October Golden Week 2025,8,112015.3870967742,0.7715547144012761
2026,Spring Festival Golden Week,2026-02-15,Total Visitor Arrivals,131999,Spring Festival Golden Week 2026,1,149033.57142857142,0.8856997704256472
2026,Spring Festival Golden Week,2026-02-16,Total Visitor Arrivals,85920,Spring Festival Golden Week 2026,2,149033.57142857142,0.5765143999194813
2026,Spring Festival Golden Week,2026-02-17,Total Visitor Arrivals,147059,Spring Festival Golden Week 2026,3,149033.57142857142,0.9867508279534334
2026,Spring Festival Golden Week,2026-02-18,Total Visitor Arrivals,186586,Spring Festival Golden Week 2026,4,149033.57142857142,1.2519729495271918
2026,Spring Festival Golden Week,2026-02-19,Total Visitor Arrivals,227917,Spring Festival Golden Week 2026,5,149033.57142857142,1.5292997263320345
2026,Spring Festival Golden Week,2026-02-20,Total Visitor Arrivals,218964,Spring Festival Golden Week 2026,6,149033.57142857142,1.469226013314354
2026,Spring Festival Golden Week,2026-02-21,Total Visitor Arrivals,214190,Spring Festival Golden Week 2026,7,149033.57142857142,1.4371929622759974
2026,Spring Festival Golden Week,2026-02-22,Total Visitor Arrivals,184535,Spring Festival Golden Week 2026,8,149033.57142857142,1.238210949594291
2026,Spring Festival Golden Week,2026-02-23,Total Visitor Arrivals,157203,Spring Festival Golden Week 2026,9,149033.57142857142,1.0548160289867576
