stop_code,zone,weekdays,weekends,holidays,code,nameCht,n_routes,lat,lng
C650_1,Coloane,189.54920634920634,184.53910533910533,155.71428571428572,C650_1,石排灣馬路/擎天匯,2,22.131395,113.560418
C651_1,Coloane,189.54920634920634,184.53910533910533,155.71428571428572,C651_1,路環小型賽車場,2,22.131476,113.56114
C652_1,Coloane,480.8985897143792,430.87570867920306,416.8352831999391,C652_1,安順大廈,8,22.128262,113.558738
C653_1,Coloane,101.77777777777779,101.77777777777779,93.5064935064935,C653_1,金峰南岸/金譽峰,1,22.128164,113.558597
C653_2,Coloane,479.1038566696462,430.09808466387415,415.179439044095,C653_2,金峰南岸/金譽峰,8,22.128221,113.558618
C654_1,Coloane,131.40873015873018,72.67532467532467,72.67532467532467,C654_1,聯生圓形地總站,1,22.125589,113.554964
C654_2,Coloane,238.5000555000555,238.5000555000555,238.33426222899908,C654_2,聯生圓形地總站,5,22.1257,113.554917
C654_3,Coloane,174.96888053467,155.26036682615631,140.50751447743357,C654_3,聯生圓形地總站,2,22.125851,113.554931
C655_1,Coloane,415.1247801905697,394.53804634154073,380.4976208622768,C655_1,石排灣郊野公園,7,22.125432,113.555331
C656_1,Coloane,413.4689360347255,393.7604223262118,378.84177670643265,C656_1,路環警察訓練營-2,7,22.120534,113.553447
C657_1,Coloane,415.1247801905697,394.53804634154073,380.4976208622768,C657_1,路環警察訓練營-1,7,22.120511,113.5535
C658_1,Coloane,40.19480519480519,40.19480519480519,48.30029619503304,C658_1,九澳七苦聖母小堂,1,22.131825,113.588658
C659_1,Coloane,167.35719835719837,167.35719835719837,167.1914050861419,C659_1,路環街市,3,22.117795,113.552048
C660_1,Coloane,169.01304251304254,168.1348223725273,168.84724924198608,C660_1,路環居民大會堂,3,22.117981,113.552503
C661_1,Coloane,167.35719835719837,167.35719835719837,167.1914050861419,C661_1,路環監獄-2,3,22.117951,113.555241
C662_1,Coloane,169.01304251304254,168.1348223725273,168.84724924198608,C662_1,路環監獄-1,3,22.118015,113.555206
C663_1,Coloane,167.35719835719837,167.35719835719837,167.1914050861419,C663_1,竹灣泳池-2,3,22.114574,113.55796
C664_1,Coloane,169.01304251304254,168.1348223725273,168.84724924198608,C664_1,竹灣泳池-1,3,22.114778,113.557804
C665_1,Coloane,167.35719835719837,167.35719835719837,167.1914050861419,C665_1,竹灣馬路-2,3,22.11423,113.560381
C666_1,Coloane,169.01304251304254,168.1348223725273,168.84724924198608,C666_1,竹灣馬路-1,3,22.114545,113.561038
C667_1,Coloane,169.01304251304254,168.1348223725273,168.84724924198608,C667_1,竹灣海灘-1,3,22.112945,113.563538
C668_1,Coloane,167.35719835719837,167.35719835719837,167.1914050861419,C668_1,竹灣海灘-2,3,22.112851,113.563471
C669_1,Coloane,169.01304251304254,168.1348223725273,168.84724924198608,C669_1,黑沙海灘,3,22.118268,113.569365
C669_2,Coloane,167.35719835719837,167.35719835719837,167.1914050861419,C669_2,黑沙海灘,3,22.118717,113.569355
C670_1,Coloane,65.57942057942057,65.57942057942057,73.68491157964843,C670_1,鷺環海天酒店-2,2,22.126586,113.575706
C671_1,Coloane,67.23526473526474,66.35704459474951,75.34075573549258,C671_1,鷺環海天酒店-1,2,22.127008,113.576108
C672_1,Coloane,25.384615384615387,25.384615384615387,25.384615384615387,C672_1,九澳村,1,22.132049,113.581511
C673_1,Coloane,107.43006993006992,106.5518497895547,123.64105193052562,C673_1,九澳聖若瑟學校,2,22.133522,113.582444
C674_1,Coloane,82.04545454545453,81.16723440493931,98.25643654591023,C674_1,九澳油庫,1,22.133494,113.589363
C675_1,Coloane,167.35719835719837,167.35719835719837,167.1914050861419,C675_1,竹灣豪園-2,3,22.113174,113.566673
C676_1,Coloane,169.01304251304254,168.1348223725273,168.84724924198608,C676_1,竹灣豪園-1,3,22.113318,113.566251
C677_1,Coloane,169.01304251304254,168.1348223725273,168.84724924198608,C677_1,竹灣燒烤公園-1,3,22.114453,113.562483
C678_1,Coloane,167.35719835719837,167.35719835719837,167.1914050861419,C678_1,竹灣燒烤公園-2,3,22.113661,113.562677
C679_1,Coloane,65.57942057942057,65.57942057942057,73.68491157964843,C679_1,黑沙水庫-2,2,22.123818,113.571605
C680_1,Coloane,169.01304251304254,168.1348223725273,168.84724924198608,C680_1,海蘭花園/蘭苑,3,22.11635,113.569539
C681_1,Coloane,67.23526473526474,66.35704459474951,75.34075573549258,C681_1,黑沙水庫-1,2,22.123845,113.570765
C682_1,Coloane,189.54920634920634,184.53910533910533,155.71428571428572,C682_1,和諧圓形地,2,22.131812,113.558119
C683_1,Taipa & Cotai,189.54920634920634,184.53910533910533,155.71428571428572,C683_1,重型車輛駕考中心,2,22.131694,113.558077
C685_1,Coloane,40.19480519480519,40.19480519480519,48.30029619503304,C685_1,聖路濟亞中心,1,22.130773,113.587677
C686_1,Coloane,246.11173767752715,226.40322396901345,211.65037162029074,C686_1,路環市區,4,22.118113,113.551702
C687_1,Coloane,167.35719835719837,167.35719835719837,167.1914050861419,C687_1,海蘭花園/黑沙,3,22.117016,113.568472
C688_1,Coloane,596.9620817778713,541.9290997325941,510.8352831999391,C688_1,和諧廣場/業興大廈,9,22.12984,113.563059
C688_2,Coloane,456.6737145895041,456.6737145895041,372.2711893369788,C688_2,和諧廣場/業興大廈,6,22.129626,113.563061
C689_1,Coloane,413.4689360347255,393.7604223262118,378.84177670643265,C689_1,和諧廣場/樂群樓,7,22.12963,113.562788
C689_2,Coloane,697.1721272879167,630.4647679805574,502.60885167464113,C689_2,和諧廣場/樂群樓,10,22.129839,113.562786
C690_1,Coloane,192.22222222222223,192.22222222222223,151.2153110047847,C690_1,蝴蝶谷大馬路總站,1,22.128765,113.56223
C690_2,Coloane,226.17142857142858,161.37142857142857,91.0,C690_2,蝴蝶谷大馬路總站,3,22.128765,113.562363
C690_3,Coloane,296.4,296.4,233.21428571428572,C690_3,蝴蝶谷大馬路總站,1,22.128765,113.562497
C690_4,Coloane,146.97142857142856,146.97142857142856,123.42857142857142,C690_4,蝴蝶谷大馬路總站,1,22.128684,113.562231
C690_5,Coloane,232.12698412698413,222.1067821067821,188.0,C690_5,蝴蝶谷大馬路總站,1,22.128684,113.562363
C690_6,Coloane,153.18234981392877,153.18234981392877,129.68421052631578,C690_6,蝴蝶谷大馬路總站,2,22.128685,113.562498
C691_1,Coloane,480.8985897143792,430.87570867920306,416.8352831999391,C691_1,樂居大馬路/居雅大廈,8,22.129378,113.560984
C692_1,Coloane,479.1038566696462,430.09808466387415,415.179439044095,C692_1,樂居大馬路/樂群樓,8,22.129422,113.561105
C693_1,Coloane,67.23526473526474,66.35704459474951,75.34075573549258,C693_1,黑沙村-1,2,22.118029,113.566291
C694_1,Coloane,65.57942057942057,65.57942057942057,73.68491157964843,C694_1,黑沙村-2,2,22.117555,113.566586
C695_1,Coloane,67.23526473526474,66.35704459474951,75.34075573549258,C695_1,九澳水庫郊野公園-1,2,22.133902,113.578425
C696_1,Coloane,40.19480519480519,40.19480519480519,48.30029619503304,C696_1,九澳水庫郊野公園-2,1,22.13388,113.578489
C700_1,Taipa & Cotai,159.22597402597404,126.34285714285714,103.2,C700_1,澳門鏡湖護理學院,2,22.136499,113.568476
M100_1,Macau Peninsula,287.8712953712954,287.8712953712954,249.5732894556424,M100_1,水坑尾/高可寧大宅,2,22.19436,113.543809
M101_1,Macau Peninsula,326.2871572871573,325.27705627705626,317.3443001443001,M101_1,幸運閣,3,22.204187,113.547566
M102_1,Macau Peninsula,192.696449792038,192.696449792038,169.26589423648247,M102_1,船澳街,2,22.206914,113.54035
M103_1,Macau Peninsula,277.2126696832579,274.0822349006492,255.86651583710406,M103_1,聖方濟各老人院,2,22.20458,113.548554
M104_1,Macau Peninsula,572.8345418470418,562.3648448773449,543.4848725348725,M104_1,觀音堂,6,22.204172,113.549821
M105_1,Macau Peninsula,512.3385281385281,447.9936507936508,414.929016876843,M105_1,望廈炮台,5,22.205684,113.547982
M106_1,Macau Peninsula,334.74864024864024,334.74864024864024,288.42466030701326,M106_1,雅廉訪/聖心,3,22.205369,113.546003
M107_1,Macau Peninsula,344.35122655122655,335.38745843528454,331.96551226551225,M107_1,聖心學校,3,22.20585,113.54682
M108_1,Macau Peninsula,716.9338041043924,660.1338041043923,597.9442568095819,M108_1,俾若翰街/綠楊花園,9,22.207449,113.540826
M108_3,Macau Peninsula,29.454545454545453,,,M108_3,俾若翰街/綠楊花園,1,22.207623,113.541469
M109_1,Macau Peninsula,325.8260233918129,325.8260233918129,305.1724147945078,M109_1,提督/高士德,3,22.205016,113.543982
M10_1,Macau Peninsula,865.8484450190333,815.2107826813709,797.5195588725,M10_1,台山街市,10,22.210444,113.546125
M10_2,Macau Peninsula,804.815899107495,803.805798097394,730.3244399549482,M10_2,台山街市,9,22.210432,113.546243
M110_1,Macau Peninsula,344.03246753246754,344.03246753246754,297.45454545454544,M110_1,渡船街/婦聯,3,22.202275,113.544055
M111_1,Macau Peninsula,716.8675093541854,716.8675093541854,705.7581814839879,M111_1,昌明花園,7,22.204431,113.543222
M112_1,Macau Peninsula,1042.6935327459983,1042.6935327459983,1010.9305962784957,M112_1,沙梨頭/華寶工業大廈,10,22.202624,113.538659
M113_1,Macau Peninsula,745.9302404827059,745.9302404827059,748.6661385140379,M113_1,提督/紅街市,7,22.204657,113.543385
M114_1,Macau Peninsula,695.8819948686709,695.8819948686709,700.8463710721775,M114_1,沙梨頭海邊街,6,22.20307,113.540138
M116_1,Macau Peninsula,282.5308515014397,282.5308515014397,244.50485575805266,M116_1,亞利鴉架街,2,22.202287,113.545662
M117_1,Macau Peninsula,362.1337434495329,317.4973798131693,281.5205564416091,M117_1,羅理基/馬六甲街,6,22.19623,113.552731
M118_1,Macau Peninsula,331.836963036963,325.54201354201354,330.002072002072,M118_1,高美士/馬六甲街停車場,3,22.195713,113.553765
M118_2,Macau Peninsula,655.7445887445888,637.1329004329004,587.015318015318,M118_2,高美士/馬六甲街停車場,7,22.195739,113.553782
M119_1,Macau Peninsula,394.0807131465026,394.0807131465026,345.27431289640595,M119_1,永樂戲院,4,22.201657,113.543029
M11_1,Macau Peninsula,591.8428338686404,587.4597169855234,537.9813620071684,M11_1,拱形馬路/蓮峰廟,7,22.210161,113.548326
M120_2,Macau Peninsula,225.1010101010101,225.1010101010101,188.28282828282826,M120_2,筷子基街/廣大中學,1,22.205932,113.539044
M121_1,Macau Peninsula,674.0155435938331,665.051775477891,630.5352797073728,M121_1,連勝/鏡湖醫院,7,22.199711,113.542395
M123_1,Macau Peninsula,130.5194805194805,130.5194805194805,143.48571428571427,M123_1,東南小學,1,22.198465,113.543888
M124_1,Macau Peninsula,261.038961038961,261.038961038961,286.97142857142853,M124_1,白鴿巢總站,1,22.199301,113.539424
M125_1,Macau Peninsula,1235.3899825380363,1235.3899825380363,1180.1964905149782,M125_1,栢港停車場,12,22.197712,113.536755
M126_1,Macau Peninsula,192.696449792038,192.696449792038,169.26589423648247,M126_1,林茂/信譽灣畔,2,22.204514,113.539827
M127_1,Macau Peninsula,1235.3899825380363,1235.3899825380363,1180.1964905149782,M127_1,海邊新街,12,22.200661,113.537479
M128_1,Macau Peninsula,417.2045111750994,416.1944101649984,372.0335710041592,M128_1,林茂/澳門遊艇會,4,22.204518,113.539461
M129_1,Macau Peninsula,983.4711214283857,982.4610204182846,945.3799420763368,M129_1,沙梨頭街市,9,22.201256,113.537564
M12_1,Macau Peninsula,1111.709738206133,1077.8720758684706,1028.4101489065436,M12_1,北區警司處,12,22.210377,113.546205
M130_1,Macau Peninsula,96.76767676767678,95.75757575757575,76.76767676767678,M130_1,林茂/運順新邨,1,22.20521,113.542429
M131_1,Macau Peninsula,61.6875,61.6875,53.65909090909091,M131_1,十月初五街,1,22.197951,113.537789
M132_1,Macau Peninsula,710.5520675142517,703.7086331708173,659.7802770987648,M132_1,十六浦,8,22.197371,113.536586
M132_2,Macau Peninsula,901.1430016038712,881.2125668212625,846.4901394901394,M132_2,十六浦,8,22.197432,113.536602
M133_1,Macau Peninsula,61.6875,61.6875,53.65909090909091,M133_1,草堆街,1,22.196285,113.539159
M134_1,Macau Peninsula,1197.789247746512,1193.6487119538024,1124.5733042696988,M134_1,新馬路/永亨,11,22.193897,113.539178
M135_1,Macau Peninsula,114.76947846587314,114.76947846587314,114.76947846587314,M135_1,新馬路/大豐,3,22.194846,113.538261
M135_2,Macau Peninsula,1078.6821228584336,1078.6821228584336,1042.1786454286453,M135_2,新馬路/大豐,9,22.194835,113.538272
M136_1,Macau Peninsula,946.7829343858756,946.7829343858756,898.4107004107004,M136_1,粵通碼頭,8,22.195579,113.536286
M136_2,Macau Peninsula,353.1101143009038,353.1101143009038,335.98514300197286,M136_2,粵通碼頭,5,22.195477,113.536245
M137_1,Macau Peninsula,803.3014589169001,797.4681255835668,754.3735431235431,M137_1,內港客運碼頭,8,22.194395,113.53563
M137_2,Macau Peninsula,478.48186754765703,477.6036474071418,479.8163118331417,M137_2,內港客運碼頭,5,22.194738,113.535781
M138_1,Macau Peninsula,235.58823529411765,235.58823529411765,207.33333333333334,M138_1,司打口總站,1,22.193381,113.535114
M139_1,Macau Peninsula,258.9242063492063,252.92420634920632,217.72222222222223,M139_1,司打口,5,22.193541,113.535295
M139_2,Macau Peninsula,1082.1877117035012,1065.3877117035013,974.7212402380701,M139_2,司打口,11,22.193607,113.535332
M13_1,Macau Peninsula,84.97777777777777,84.97777777777777,84.97777777777777,M13_1,李寶椿街,1,22.212209,113.54595
M13_2,Macau Peninsula,121.5,121.5,111.81818181818181,M13_2,李寶椿街,1,22.212174,113.546592
M140_1,Macau Peninsula,470.59153565732515,464.7582023239918,443.4113980334911,M140_1,河邊新街/李道巷,5,22.192265,113.534528
M140_2,Macau Peninsula,783.6833874458874,766.0051673053722,748.8260759708128,M140_2,河邊新街/李道巷,9,22.192307,113.534553
M141_1,Macau Peninsula,61.6875,61.6875,53.65909090909091,M141_1,營地大街,1,22.195122,113.53996
M142_1,Macau Peninsula,837.4198752228165,820.6198752228164,796.1063790011159,M142_1,金碧文娛中心,9,22.195647,113.537343
M143_1,Macau Peninsula,447.34271284271284,446.4644927021976,437.45164484638167,M143_1,新馬路/爐石塘,4,22.19518,113.537916
M144_1,Macau Peninsula,235.04761904761904,235.04761904761904,223.85762385762385,M144_1,水坑尾/天神巷,2,22.193509,113.543364
M144_2,Macau Peninsula,537.7483405483406,518.0398268398268,443.0392621870883,M144_2,水坑尾/天神巷,5,22.193753,113.543366
M144_3,Macau Peninsula,498.94733044733044,498.94733044733044,447.7857142857143,M144_3,水坑尾/天神巷,5,22.19378,113.543378
M145_1,Macau Peninsula,214.31980258067213,214.31980258067213,224.07830687830685,M145_1,愕斜巷/山頂醫院,2,22.194581,113.545914
M145_2,Macau Peninsula,86.88311688311688,86.88311688311688,81.8047138047138,M145_2,愕斜巷/山頂醫院,1,22.194423,113.545789
M146_1,Macau Peninsula,492.55339105339107,488.41285526068134,423.9819624819625,M146_1,水坑尾/方圓廣場,4,22.194407,113.543956
M147_1,Macau Peninsula,187.52727272727273,187.72727272727272,125.0,M147_1,山頂醫院總站,2,22.194129,113.546249
M148_1,Macau Peninsula,149.2831168831169,149.38311688311688,144.3047138047138,M148_1,東望洋斜巷,2,22.195913,113.546489
M149_1,Macau Peninsula,217.4025974025974,217.4025974025974,225.29042809042807,M149_1,粵華中學,2,22.19723,113.547905
M14_1,Macau Peninsula,715.995115995116,696.2866022866023,657.8434246912508,M14_1,蓮峰游泳池,5,22.207795,113.546059
M150_1,Macau Peninsula,233.0834389443085,233.1834389443085,224.89730639730638,M150_1,得勝斜路,3,22.196007,113.548299
M151_1,Macau Peninsula,441.95097141184095,412.6964259572955,332.89730639730635,M151_1,山頂醫院急診大樓,6,22.194048,113.547281
M152_1,Macau Peninsula,492.55339105339107,488.41285526068134,423.9819624819625,M152_1,塔石廣場,4,22.197672,113.547291
M153_1,Macau Peninsula,739.8752959458841,710.5207504913387,670.1496369028338,M153_1,水坑尾/公共行政大樓,8,22.194115,113.543734
M153_2,Macau Peninsula,666.8690476190476,641.3272005772005,556.1099692577953,M153_2,水坑尾/公共行政大樓,6,22.194184,113.543789
M154_1,Macau Peninsula,23.225806451612904,23.225806451612904,23.225806451612904,M154_1,友誼馬路/海景花園,1,22.19214,113.552336
M155_1,Macau Peninsula,1159.7079359237255,1118.0012981170876,1053.1859466069993,M155_1,東方拱門,13,22.193858,113.549843
M156_1,Macau Peninsula,203.10606060606062,198.46969696969697,169.6969696969697,M156_1,高美士/南園大廈,2,22.19263,113.550234
M157_1,Macau Peninsula,257.42857142857144,251.13362193362192,219.2050505050505,M157_1,治安警察局,3,22.191928,113.546722
M157_2,Macau Peninsula,1043.8313687922382,1008.41968048055,960.9313834313834,M157_2,治安警察局,11,22.191864,113.546614
M158_1,Macau Peninsula,508.36089466089464,494.1323232323232,483.7285455285455,M158_1,北京街/假日酒店,5,22.191715,113.547667
M158_2,Macau Peninsula,622.4772949272949,571.7992285492286,580.7442557442557,M158_2,北京街/假日酒店,7,22.191733,113.547718
M159_1,Macau Peninsula,717.0905362350734,658.4541725987096,569.1172981915029,M159_1,總統酒店,9,22.190085,113.546917
M15_1,Macau Peninsula,88.43434343434343,88.43434343434343,85.82222222222222,M15_1,台山中街,1,22.211447,113.545023
M160_1,Macau Peninsula,1170.2286657786658,1096.2915806415806,919.1119672597933,M160_1,十月一號前地,11,22.190862,113.546247
M160_2,Macau Peninsula,540.8461760461761,530.1681096681097,478.5637325637326,M160_2,十月一號前地,8,22.190919,113.546224
M161_1,Macau Peninsula,987.5815517815518,962.674913974914,917.01739001739,M161_1,高美士/利澳,10,22.192659,113.550184
M162_1,Macau Peninsula,199.43362193362194,180.82193362193362,189.59595959595958,M162_1,中華廣場,2,22.192692,113.542622
M163_1,Macau Peninsula,273.9935064935065,269.6103896103896,259.06397306397304,M163_1,賈羅布/葡京,2,22.190456,113.545091
M164_1,Macau Peninsula,379.550971411841,350.1964259572955,270.39730639730635,M164_1,加思欄馬路,6,22.191273,113.54501
M165_1,Macau Peninsula,426.3301921910617,426.43019219106174,368.3830206830206,M165_1,加思欄花園,5,22.192684,113.545202
M166_1,Macau Peninsula,215.12987012987014,215.12987012987014,178.75151515151515,M166_1,西坑街,2,22.188527,113.535739
M167_1,Macau Peninsula,651.5326452935149,647.1495284103979,581.6366041366041,M167_1,南灣大馬路/時代,6,22.192606,113.541436
M168_1,Macau Peninsula,883.3330781939477,849.5954158562854,803.8302591128678,M168_1,八角亭,10,22.192303,113.54394
M16_1,Macau Peninsula,854.0158658074618,854.0158658074618,859.226892574792,M16_1,提督馬路/雅廉訪,9,22.206635,113.545461
M16_2,Macau Peninsula,1120.810101010101,1103.0,1006.8984649810736,M16_2,提督馬路/雅廉訪,11,22.206413,113.545328
M170_1,Macau Peninsula,447.34271284271284,446.4644927021976,437.45164484638167,M170_1,殷皇子馬路,4,22.191621,113.541683
M170_2,Macau Peninsula,852.6463189456548,838.4177475170834,850.4633956597903,M170_2,殷皇子馬路,9,22.191489,113.54182
M171_1,Macau Peninsula,750.5107843137255,733.7107843137255,698.7541347541347,M171_1,中區/殷皇子馬路,7,22.191578,113.541531
M171_2,Macau Peninsula,560.4563471527418,560.4563471527418,550.5652791564107,M171_2,中區/殷皇子馬路,7,22.191632,113.541475
M172_1,Macau Peninsula,75.54367201426024,75.54367201426024,75.54367201426024,M172_1,亞馬喇前地,1,22.18925,113.543625
M172_10,Macau Peninsula,187.93939393939394,130.66666666666666,122.9090909090909,M172_10,亞馬喇前地,3,22.189194,113.543236
M172_11,Macau Peninsula,424.28484848484845,417.98989898989896,374.5027195027195,M172_11,亞馬喇前地,4,22.189142,113.543325
M172_12,Macau Peninsula,188.70165945165945,188.70165945165945,174.39285714285714,M172_12,亞馬喇前地,2,22.189357,113.543053
M172_13,Macau Peninsula,200.3380724538619,200.3380724538619,177.1952153110048,M172_13,亞馬喇前地,2,22.189244,113.543076
M172_14,Macau Peninsula,157.32063492063492,105.21212121212122,92.68774703557312,M172_14,亞馬喇前地,2,22.189113,113.543174
M172_15,Macau Peninsula,143.62842712842712,142.7502069879119,143.4626338573707,M172_15,亞馬喇前地,2,22.189117,113.543074
M172_16,Macau Peninsula,1025.861665527455,910.1854750512645,751.0232942369098,M172_16,亞馬喇前地,13,22.188935,113.543132
M172_17,Macau Peninsula,246.1007326007326,246.1007326007326,234.49584837820132,M172_17,亞馬喇前地,2,22.188991,113.543618
M172_2,Macau Peninsula,390.7713903743316,390.7713903743316,386.1105415052784,M172_2,亞馬喇前地,5,22.189366,113.543589
M172_3,Macau Peninsula,398.0035842293907,398.0035842293907,377.66936289516934,M172_3,亞馬喇前地,4,22.189476,113.543557
M172_4,Macau Peninsula,151.16161616161617,151.16161616161617,85.82222222222222,M172_4,亞馬喇前地,2,22.189445,113.543378
M172_5,Macau Peninsula,316.7207559465624,312.0843923101988,304.8379276637341,M172_5,亞馬喇前地,4,22.189353,113.543401
M172_6,Macau Peninsula,129.6153846153846,129.6153846153846,127.5,M172_6,亞馬喇前地,1,22.189233,113.543428
M172_7,Macau Peninsula,183.66666666666669,183.66666666666669,147.77777777777777,M172_7,亞馬喇前地,2,22.189331,113.543344
M172_8,Macau Peninsula,235.20634920634922,230.19624819624818,213.14285714285714,M172_8,亞馬喇前地,4,22.189434,113.543318
M172_9,Macau Peninsula,290.92139037433157,291.02139037433153,166.16666666666669,M172_9,亞馬喇前地,4,22.189399,113.543166
M173_1,Macau Peninsula,651.3075592684288,633.4974582583278,612.460002960003,M173_1,約翰四世大馬路,6,22.191947,113.542953
M173_2,Macau Peninsula,950.0102887308769,921.3380069064212,804.9764850948994,M173_2,約翰四世大馬路,8,22.191849,113.542834
M174_1,Macau Peninsula,160.97727272727272,156.59415584415584,148.36363636363637,M174_1,海事及水務局,2,22.187869,113.533014
M175_1,Macau Peninsula,215.12987012987014,215.12987012987014,178.75151515151515,M175_1,濠璟酒店,2,22.186167,113.536093
M176_1,Macau Peninsula,376.06313131313135,371.42676767676767,356.3393939393939,M176_1,初級法院刑事大樓,5,22.184534,113.537573
M177_1,Macau Peninsula,511.2820839978735,484.0123870281765,464.3207775428706,M177_1,澳門旅遊塔,7,22.180376,113.537724
M178_1,Macau Peninsula,293.49494949494954,288.85858585858585,281.6121212121212,M178_1,立法會前地,3,22.182975,113.539296
M179_1,Macau Peninsula,739.6832611832612,730.6637806637807,623.922077922078,M179_1,巴掌圍,9,22.190608,113.538893
M180_1,Macau Peninsula,376.10714285714283,371.72402597402595,327.1151515151515,M180_1,風順堂街,4,22.190454,113.536523
M181_1,Macau Peninsula,800.4332611832612,791.4137806637807,676.8311688311688,M181_1,燒灰爐,10,22.188531,113.5377
M182_1,Macau Peninsula,71.86642743221691,71.86642743221691,69.63794926004228,M182_1,旅遊塔/行車隧道,2,22.180144,113.536902
M182_2,Macau Peninsula,16.8,,,M182_2,旅遊塔/行車隧道,1,22.179941,113.536495
M183_1,Macau Peninsula,319.5959595959596,319.5959595959596,251.8975468975469,M183_1,河邊新街/凱泉灣,3,22.190233,113.533216
M183_2,Macau Peninsula,752.3555868838763,729.722253550543,698.5266438987369,M183_2,河邊新街/凱泉灣,9,22.190522,113.533405
M184_1,Macau Peninsula,1197.6163913571809,1191.6163913571809,1099.5141695309994,M184_1,河邊新街/街市,14,22.190262,113.533293
M185_1,Macau Peninsula,7.0,,,M185_1,凱泉灣總站,1,22.190865,113.533086
M186_2,Macau Peninsula,245.05064935064934,244.1724292101341,241.81328320802004,M186_2,河邊新街/貨倉巷,3,22.189991,113.533056
M187_1,Macau Peninsula,717.6409090909091,702.7880952380953,619.5959595959596,M187_1,區華利前地,9,22.190373,113.539178
M188_1,Macau Peninsula,1214.4163913571808,1191.6163913571809,1099.5141695309994,M188_1,河邊新街/下環,15,22.188679,113.532229
M189_1,Macau Peninsula,215.12987012987014,215.12987012987014,178.75151515151515,M189_1,下環街市,2,22.191196,113.534507
M18_1,Macau Peninsula,345.96248196248195,345.96248196248195,278.4300144300144,M18_1,牧場街總站,2,22.215176,113.546675
M18_10,Macau Peninsula,156.03140096618358,156.03140096618358,101.77777777777777,M18_10,牧場街總站,2,22.215536,113.546797
M18_3,Macau Peninsula,187.44444444444446,187.44444444444446,189.89090909090908,M18_3,牧場街總站,1,22.215343,113.54658
M18_5,Macau Peninsula,176.86868686868686,176.86868686868686,171.64444444444445,M18_5,牧場街總站,1,22.215309,113.546703
M18_7,Macau Peninsula,122.4375,122.4375,106.56818181818181,M18_7,牧場街總站,1,22.215417,113.546736
M190_1,Macau Peninsula,88.43434343434343,88.43434343434343,85.82222222222222,M190_1,河邊新街/媽閣,1,22.189073,113.532359
M191_1,Macau Peninsula,160.97727272727272,156.59415584415584,148.36363636363637,M191_1,亞婆井前地,2,22.18866,113.535072
M192_1,Macau Peninsula,424.37012987012986,419.987012987013,320.49177489177487,M192_1,民國馬路,5,22.18586,113.536108
M193_1,Macau Peninsula,88.43434343434343,88.43434343434343,85.82222222222222,M193_1,民國馬路/西灣湖,1,22.185766,113.535871
M194_1,Macau Peninsula,88.43434343434343,88.43434343434343,85.82222222222222,M194_1,西灣,1,22.183104,113.533481
M195_1,Macau Peninsula,209.24025974025972,204.85714285714283,141.74025974025975,M195_1,西灣/大興大廈,3,22.182992,113.533447
M196_1,Macau Peninsula,88.43434343434343,88.43434343434343,85.82222222222222,M196_1,半邊橙,1,22.181727,113.531447
M197_1,Macau Peninsula,209.24025974025972,204.85714285714283,141.74025974025975,M197_1,半邊橙/迅發花園,3,22.182074,113.530775
M198_1,Macau Peninsula,255.81173767752716,254.81173767752716,217.7562753783684,M198_1,西灣湖景大馬路/媽閣碼頭,5,22.186017,113.529688
M198_2,Macau Peninsula,1150.6248015873016,1127.113248113453,1060.3034208481577,M198_2,西灣湖景大馬路/媽閣碼頭,12,22.18608,113.529728
M199_1,Macau Peninsula,617.4136363636363,606.9439393939394,524.1414141414141,M199_1,南灣湖景大馬路,8,22.186805,113.537922
M19_1,Macau Peninsula,563.8716938975003,559.2353302611367,542.42436345017,M19_1,白朗古將軍馬路,6,22.209335,113.544792
M1_11,Macau Peninsula,232.43055555555554,232.43055555555554,185.94444444444446,M1_11,關閘總站,1,22.215217,113.548907
M1_12,Macau Peninsula,249.84126984126985,210.42424242424244,185.37549407114625,M1_12,關閘總站,1,22.21503,113.548874
M1_13,Macau Peninsula,96.11111111111111,96.11111111111111,75.60765550239235,M1_13,關閘總站,1,22.214879,113.548846
M1_14,Macau Peninsula,229.53140096618358,229.53140096618358,213.59595959595958,M1_14,關閘總站,2,22.215196,113.548817
M1_16,Macau Peninsula,252.68571428571428,252.68571428571428,206.4,M1_16,關閘總站,1,22.214896,113.548755
M1_18,Macau Peninsula,210.3030303030303,210.3030303030303,188.05194805194805,M1_18,關閘總站,1,22.214955,113.548675
M1_2,Macau Peninsula,279.42857142857144,279.42857142857144,296.7362637362637,M1_2,關閘總站,1,22.215002,113.549331
M1_4,Macau Peninsula,84.97777777777777,84.97777777777777,84.97777777777777,M1_4,關閘總站,1,22.215016,113.549248
M1_5,Macau Peninsula,280.6818181818182,280.6818181818182,317.2077922077922,M1_5,關閘總站,1,22.215159,113.54923
M1_6,Macau Peninsula,130.5194805194805,130.5194805194805,143.48571428571427,M1_6,關閘總站,1,22.21486,113.549034
M1_9,Macau Peninsula,598.8717948717949,598.8717948717949,612.6923076923076,M1_9,關閘總站,2,22.215421,113.549137
M200_1,Macau Peninsula,481.80856307435255,472.84479495841055,433.39047451256755,M200_1,沙欄仔,5,22.198806,113.537423
M201_1,Macau Peninsula,543.4960630743525,534.5322949584105,487.04956542165843,M201_1,白鴿巢前地,6,22.199194,113.539465
M202_1,Macau Peninsula,214.31980258067213,214.31980258067213,224.07830687830685,M202_1,南光大廈,2,22.192072,113.546752
M203_1,Macau Peninsula,909.1991341991342,909.1991341991342,838.5809745809746,M203_1,媽閣廟站,8,22.187032,113.531091
M203_2,Macau Peninsula,449.39452988531934,439.01141300220246,409.2968313136612,M203_2,媽閣廟站,8,22.18699,113.53103
M204_1,Macau Peninsula,90.18888888888888,84.35555555555555,81.97979797979798,M204_1,河邊新街/豐順新邨,1,22.18809,113.531662
M205_1,Macau Peninsula,321.5181818181818,312.4987012987013,298.7151515151515,M205_1,跨境工業區,4,22.212083,113.534522
M206_2,Macau Peninsula,838.7832538245015,818.7213490625967,687.584327754871,M206_2,黑沙環新街/建華,10,22.208506,113.55447
M207_1,Macau Peninsula,435.0137085137085,435.0137085137085,412.7162654110022,M207_1,馬場北大馬路,4,22.214072,113.553849
M208_1,Macau Peninsula,371.0887445887446,366.7056277056277,335.6363636363636,M208_1,青翠花園,4,22.209586,113.536897
M209_1,Macau Peninsula,473.0808080808081,455.041847041847,427.47474747474746,M209_1,青洲總站,3,22.209354,113.536326
M209_2,Macau Peninsula,312.93881673881674,312.93881673881674,277.2070267896355,M209_2,青洲總站,3,22.210022,113.536125
M20_2,Macau Peninsula,216.06280193236717,216.06280193236717,203.55555555555554,M20_2,青洲坊總站,1,22.211952,113.54371
M20_3,Macau Peninsula,252.98124098124097,172.98124098124097,139.2150072150072,M20_3,青洲坊總站,3,22.211887,113.543532
M20_5,Macau Peninsula,96.0,96.0,,M20_5,青洲坊總站,1,22.21179,113.543513
M20_6,Macau Peninsula,243.0,243.0,223.63636363636363,M20_6,青洲坊總站,1,22.21175,113.543755
M210_1,Macau Peninsula,175.53333333333333,170.89696969696968,160.53333333333333,M210_1,青洲/美樂花園,2,22.213228,113.537941
M211_1,Macau Peninsula,549.4792207792208,540.4597402597402,490.94440052700924,M211_1,青洲/鴨涌河,6,22.213351,113.537704
M213_1,Macau Peninsula,58.90909090909091,,,M213_1,俾若翰街/快富樓,1,22.206768,113.538277
M214_1,Macau Peninsula,473.6574649183345,470.5270301357258,434.8068783068783,M214_1,永寧廣場總站,4,22.213237,113.552415
M214_2,Macau Peninsula,263.7142857142857,263.7142857142857,245.57142857142856,M214_2,永寧廣場總站,2,22.212767,113.553525
M214_3,Macau Peninsula,207.44317920404876,204.31274442144007,187.09259259259258,M214_3,永寧廣場總站,2,22.212371,113.554122
M215_1,Macau Peninsula,184.18412698412698,169.95555555555555,179.1191919191919,M215_1,福泰工業大廈,2,22.208965,113.552807
M216_1,Macau Peninsula,435.0137085137085,435.0137085137085,412.7162654110022,M216_1,馬場東大馬路,4,22.211565,113.553773
M219_1,Macau Peninsula,355.55509938090586,355.55509938090586,262.85943597997925,M219_1,勞動節大馬路,5,22.209717,113.555169
M219_2,Macau Peninsula,690.9790382819795,670.9171335200747,602.9609427609428,M219_2,勞動節大馬路,8,22.209655,113.555244
M21_1,Macau Peninsula,52.68035190615836,23.225806451612904,23.225806451612904,M21_1,青洲/嘉應花園,2,22.210686,113.543569
M21_2,Macau Peninsula,836.494032764621,827.4745522451404,759.3612766318648,M21_2,青洲/嘉應花園,9,22.210691,113.543528
M220_1,Macau Peninsula,381.1980676328502,381.1980676328502,331.92929292929296,M220_1,祐漢街市,3,22.211546,113.551907
M220_2,Macau Peninsula,1026.5900263796436,1003.3976868351301,939.9393075474669,M220_2,祐漢街市,10,22.211531,113.552034
M222_1,Macau Peninsula,260.7977018764495,260.7977018764495,211.87025089605734,M222_1,看台街,4,22.213174,113.550189
M222_2,Macau Peninsula,430.79402722880985,430.79402722880985,383.22958912432597,M222_2,看台街,4,22.213163,113.550283
M224_1,Macau Peninsula,1107.6316942979347,1090.2726880867544,1010.2441012146894,M224_1,永康街/麗華,9,22.210001,113.551404
M225_1,Macau Peninsula,395.23992021050844,395.23992021050844,409.8263078968961,M225_1,看台街/騎士馬路,4,22.213248,113.549461
M226_1,Macau Peninsula,384.8060224089636,384.8060224089636,288.95286195286195,M226_1,勞動節街/中葡職業技術學校,4,22.209815,113.554301
M227_1,Macau Peninsula,719.8079810688506,716.677546286242,663.678388060741,M227_1,長壽大馬路/勝意樓,6,22.210639,113.550798
M228_1,Macau Peninsula,303.3333333333333,303.3333333333333,236.66666666666669,M228_1,祐漢第二街,1,22.211525,113.550242
M229_1,Macau Peninsula,321.24747474747477,321.24747474747477,338.3001443001443,M229_1,三角花園,3,22.210594,113.548308
M22_1,Macau Peninsula,800.1409331289237,751.1214526094432,691.1063504332533,M22_1,青洲/聖德蘭學校,12,22.210937,113.541906
M230_1,Macau Peninsula,92.39285714285714,92.39285714285714,65.6,M230_1,高利亞海軍上將/政府綜合服務大樓,1,22.208404,113.552866
M231_1,Macau Peninsula,223.4595238095238,223.4595238095238,135.6,M231_1,馬場東大馬路/黑沙環衛生中心,3,22.212267,113.554161
M232_1,Macau Peninsula,238.54759031817855,238.54759031817855,234.34429361488185,M232_1,勞動節街/裕華,2,22.209611,113.554241
M233_1,Macau Peninsula,735.8040900418139,715.7421852799091,666.0466570466571,M233_1,東北大馬路/東華,8,22.206821,113.555332
M234_1,Macau Peninsula,525.1861628709455,525.1861628709455,464.4821548821549,M234_1,東北大馬路/海濱,5,22.206872,113.555225
M235_1,Macau Peninsula,748.1360907208733,748.1360907208733,580.093081187818,M235_1,東北大馬路/保利達,9,22.208918,113.557199
M236_1,Macau Peninsula,666.3511994541407,666.3511994541407,523.1402928226457,M236_1,黑沙環中街/黑沙環衛生中心,7,22.211735,113.555045
M237_1,Macau Peninsula,287.8712953712954,287.8712953712954,249.5732894556424,M237_1,社會工作局,2,22.198035,113.544548
M238_1,Macau Peninsula,92.39285714285714,92.39285714285714,65.6,M238_1,黑沙環海邊馬路,1,22.207554,113.553553
M239_1,Macau Peninsula,462.1131192076563,462.1131192076563,371.9019665488256,M239_1,外港碼頭,6,22.197568,113.557591
M239_2,Macau Peninsula,820.5682879212292,801.9565996095408,734.7094017094017,M239_2,外港碼頭,9,22.197547,113.557349
M239_3,Macau Peninsula,503.2124542124542,503.2124542124542,523.1288156288156,M239_3,外港碼頭,2,22.197475,113.557622
M239_4,Macau Peninsula,266.6,254.010101010101,248.010101010101,M239_4,外港碼頭,2,22.197467,113.557311
M241_1,Macau Peninsula,1079.3275835275836,1049.784582084582,992.7377807377807,M241_1,金蓮花廣場,11,22.194511,113.552933
M242_1,Macau Peninsula,245.11671554252197,245.11671554252197,212.99723502304147,M242_1,友誼馬路/海港街,4,22.196036,113.555625
M243_1,Macau Peninsula,256.8984126984127,212.26204906204907,178.75555555555556,M243_1,何賢公園,3,22.192626,113.548727
M244_1,Macau Peninsula,1000.5809858418554,997.4505510592467,880.8983240930609,M244_1,中心街,10,22.212304,113.552077
M245_1,Macau Peninsula,287.8712953712954,287.8712953712954,249.5732894556424,M245_1,鏡湖醫院,2,22.199081,113.543392
M246_1,Macau Peninsula,526.1525506356388,506.0906458737341,490.9650006855889,M246_1,永華街,5,22.210502,113.552621
M247_1,Macau Peninsula,768.732488753077,708.732488753077,506.7545666751549,M247_1,海上居,10,22.213373,113.555824
M248_1,Macau Peninsula,524.7,339.9,,M248_1,關閘東側上落客區,6,22.215978,113.549825
M249_1,Macau Peninsula,532.148013750955,438.14801375095493,393.2128427128427,M249_1,新口岸/馬德里街,6,22.187587,113.550964
M24_1,Macau Peninsula,272.0887445887446,267.7056277056277,238.54545454545453,M24_1,青洲/聖若瑟中學,3,22.21109,113.540088
M250_1,Macau Peninsula,338.0929060187125,333.4565423823488,269.88381510962154,M250_1,新口岸/柏嘉街,6,22.186907,113.550194
M251_1,Macau Peninsula,722.8464264493676,624.210062813004,523.9112554112554,M251_1,捐血中心,9,22.188866,113.550403
M252_1,Macau Peninsula,454.21616161616157,454.21616161616157,332.2828282828283,M252_1,新口岸/科英布拉街,3,22.188419,113.550113
M253_1,Macau Peninsula,281.47472420053066,276.83836056416703,248.06563329143972,M253_1,宋玉生廣場/建興龍,4,22.189126,113.551097
M254_1,Macau Peninsula,967.3626591414068,956.6845927633404,908.8838151096215,M254_1,友誼馬路/行車天橋,9,22.194852,113.554846
M254_2,Macau Peninsula,411.01180982759934,396.7832383990279,344.56593698698964,M254_2,友誼馬路/行車天橋,5,22.194779,113.554791
M255_1,Macau Peninsula,313.1155462184874,313.1155462184874,293.92063492063494,M255_1,馬六甲街,3,22.195501,113.554645
M256_1,Macau Peninsula,652.3960656990068,652.3960656990068,532.5446891272978,M256_1,澳門文化中心,7,22.18777,113.554264
M257_1,Macau Peninsula,579.7661955691367,539.7661955691367,415.0310245310245,M257_1,新口岸/文化中心,8,22.187596,113.554219
M258_1,Macau Peninsula,292.6409090909091,292.6409090909091,226.73968253968252,M258_1,宋玉生廣場/東南亞,4,22.188452,113.551385
M259_1,Macau Peninsula,652.3960656990068,652.3960656990068,532.5446891272978,M259_1,孫逸仙大馬路/金沙,7,22.189935,113.55574
M25_1,Macau Peninsula,394.95598845598846,356.48196248196246,308.87571365832235,M25_1,青洲/自來水公司,5,22.211152,113.540043
M261_1,Macau Peninsula,359.1007326007326,359.1007326007326,341.49584837820134,M261_1,約翰四世大馬路/馬統領街,3,22.191657,113.542478
M262_1,Macau Peninsula,979.9453648346837,918.0362739255928,827.0242413432277,M262_1,城市日大馬路/波爾圖街,11,22.187424,113.548638
M263_1,Macau Peninsula,1010.8439611727088,912.2075975363451,781.3077539159133,M263_1,仙德麗街,13,22.189172,113.546269
M264_1,Macau Peninsula,579.7661955691367,539.7661955691367,415.0310245310245,M264_1,勵庭海景酒店,8,22.189904,113.556658
M265_1,Macau Peninsula,391.84411764705885,391.84411764705885,292.8492063492064,M265_1,漁人碼頭會展中心,5,22.194389,113.555208
M266_1,Macau Peninsula,278.69801375095494,278.69801375095494,204.03030303030303,M266_1,澳門科學館,3,22.187106,113.556515
M266_2,Macau Peninsula,194.25,194.25,189.1825396825397,M266_2,澳門科學館,2,22.186972,113.556581
M267_1,Macau Peninsula,628.5982683982684,623.9619047619047,550.2171277997365,M267_1,工業園街,4,22.211594,113.534823
M268_1,Macau Peninsula,449.1186519102478,445.84592463752057,418.55080472475356,M268_1,城市日前地,7,22.187225,113.547838
M26_1,Macau Peninsula,112.55050505050505,112.55050505050505,94.14141414141413,M26_1,筷子基總站,1,22.208334,113.543538
M26_2,Macau Peninsula,193.53535353535355,191.5151515151515,153.53535353535355,M26_2,筷子基總站,1,22.208466,113.543494
M26_3,Macau Peninsula,218.43434343434345,218.43434343434345,222.22222222222223,M26_3,筷子基總站,1,22.208736,113.543404
M26_4,Macau Peninsula,348.0,348.0,327.6923076923077,M26_4,筷子基總站,1,22.209166,113.543261
M270_1,Macau Peninsula,402.9301587301587,383.22164502164503,314.2210803689065,M270_1,塔石體育館,3,22.197047,113.546772
M270_2,Macau Peninsula,941.414184834773,906.1263060468942,849.5385257917227,M270_2,塔石體育館,10,22.196801,113.546568
M271_1,Macau Peninsula,381.81904761904764,317.47417027417026,271.4433025911287,M271_1,市政狗房,4,22.206894,113.546496
M272_1,Macau Peninsula,511.5213336371231,451.81281992860943,371.06318563206435,M272_1,愉景花園,5,22.204513,113.549409
M273_1,Macau Peninsula,274.5333333333333,269.8969696969697,257.6242424242424,M273_1,青茂/青葱大廈,3,22.212434,113.541181
M274_1,Macau Peninsula,334.74864024864024,334.74864024864024,288.42466030701326,M274_1,筷子基衛生中心,3,22.207954,113.544843
M276_1,Macau Peninsula,192.94470741779648,192.94470741779648,178.66267513848157,M276_1,馬場海邊馬路,3,22.210093,113.550235
M27_1,Macau Peninsula,449.75729825729826,415.91963591963594,381.53288541523835,M27_1,關閘馬路/三角花園,5,22.210711,113.548525
M281_1,Macau Peninsula,271.6206349206349,271.6206349206349,232.27448107448106,M281_1,祐漢第一街,3,22.212101,113.549663
M282_1,Macau Peninsula,241.12777777777777,229.4611111111111,216.86868686868686,M282_1,永定街,2,22.212877,113.549782
M283_1,Macau Peninsula,198.41269841269843,169.95555555555555,188.28282828282826,M283_1,馬場大馬路,1,22.213798,113.550239
M284_1,Macau Peninsula,160.6095238095238,143.8095238095238,127.8030303030303,M284_1,華大新村,2,22.213438,113.548522
M285_1,Macau Peninsula,172.98124098124097,172.98124098124097,139.2150072150072,M285_1,台山平民大廈,2,22.213585,113.546175
M28_1,Macau Peninsula,1149.2642470251167,1146.133812242508,992.0328745328745,M28_1,黑沙環馬路,10,22.208041,113.549766
M28_2,Macau Peninsula,370.3539117886944,336.5162494510321,321.76430976430976,M28_2,黑沙環馬路,5,22.20812,113.549739
M29_1,Macau Peninsula,474.6327561327561,440.7950937950938,379.61993561993563,M29_1,慕拉士馬路,6,22.208519,113.550256
M2_1,Macau Peninsula,806.8387991093873,806.8387991093873,754.1263372792785,M2_1,東方明珠總站,4,22.210456,113.556993
M30_1,Macau Peninsula,466.5460087416609,466.5460087416609,434.90283790283786,M30_1,黑沙環第五街,4,22.208447,113.550756
M31_1,Macau Peninsula,593.2151282409347,548.578764604571,523.3599833857899,M31_1,白朗古/跑狗場,6,22.209177,113.545025
M32_2,Macau Peninsula,184.78571428571428,184.78571428571428,131.2,M32_2,望廈總站,1,22.206958,113.551317
M32_4,Macau Peninsula,169.95555555555555,169.95555555555555,169.95555555555555,M32_4,望廈總站,1,22.206889,113.551269
M33_1,Macau Peninsula,541.8793363499245,538.7489015673159,481.1998491704374,M33_1,俾利喇/望德樓,4,22.207392,113.550903
M35_1,Macau Peninsula,335.98989898989896,302.15223665223664,232.3232323232323,M35_1,慕拉士馬路/望善樓,5,22.206661,113.552476
M35_2,Macau Peninsula,483.33172302737523,483.33172302737523,470.38135938135935,M35_2,慕拉士馬路/望善樓,4,22.206831,113.552267
M36_1,Macau Peninsula,229.53140096618358,229.53140096618358,213.59595959595958,M36_1,慕拉士巷,2,22.206633,113.552625
M36_2,Macau Peninsula,830.575935336805,796.7382729991425,700.9268139268139,M36_2,慕拉士巷,9,22.206551,113.55272
M38_1,Macau Peninsula,541.8793363499245,538.7489015673159,481.1998491704374,M38_1,望賢樓,4,22.20576,113.549558
M39_1,Macau Peninsula,732.3419913419914,729.2115565593826,629.2878787878788,M39_1,澳廣視,6,22.205907,113.54958
M3_1,Macau Peninsula,584.6103896103896,584.6103896103896,596.4935064935065,M3_1,媽閣交通樞紐,2,22.183887,113.530029
M3_2,Macau Peninsula,428.26982323232323,416.60315656565655,270.52777777777777,M3_2,媽閣交通樞紐,3,22.184021,113.530042
M3_3,Macau Peninsula,547.047619047619,547.047619047619,515.8917748917748,M3_3,媽閣交通樞紐,2,22.184159,113.530055
M3_4,Macau Peninsula,525.0454545454545,524.1672344049393,560.4292082186819,M3_4,媽閣交通樞紐,3,22.18427,113.530066
M40_1,Macau Peninsula,86.88311688311688,86.88311688311688,81.8047138047138,M40_1,福海花園,1,22.205677,113.551348
M43_1,Macau Peninsula,86.88311688311688,86.88311688311688,81.8047138047138,M43_1,螺絲山公園,1,22.203151,113.551861
M45_1,Macau Peninsula,318.8479411088107,318.8479411088107,304.45021645021643,M45_1,荷蘭園/栢蕙,3,22.202862,113.550374
M46_1,Macau Peninsula,485.74170274170274,481.1053391053391,444.3746031746032,M46_1,鮑思高球場,4,22.202589,113.55174
M46_2,Macau Peninsula,510.72432999769956,464.89099666436624,440.08910533910534,M46_2,鮑思高球場,6,22.20241,113.551957
M47_2,Macau Peninsula,620.6699468808165,585.3820680929376,541.4819624819625,M47_2,新雅馬路/母親會,7,22.203229,113.553047
M48_1,Macau Peninsula,985.2192593330701,937.1530255668363,845.020609020609,M48_1,慕拉士/飛通大廈,11,22.205172,113.554391
M4_1,Macau Peninsula,156.03140096618358,156.03140096618358,101.77777777777777,M4_1,鄭觀應公立學校,2,22.213655,113.54491
M4_2,Macau Peninsula,453.7963203463204,453.7963203463204,390.2695526695527,M4_2,鄭觀應公立學校,5,22.213638,113.545251
M50_1,Macau Peninsula,333.2439882697947,300.84398826979475,187.25178047758692,M50_1,勞動節大馬路/廣華,6,22.207798,113.557519
M51_1,Macau Peninsula,735.8040900418139,715.7421852799091,666.0466570466571,M51_1,東北大馬路/廣華,8,22.207695,113.556188
M52_1,Macau Peninsula,718.7501061030473,700.138417791359,623.7137307137307,M52_1,漁翁街/勞工事務局,8,22.204754,113.559992
M53_1,Macau Peninsula,768.4183261183261,749.8066378066378,665.6756354756354,M53_1,水塘北角/勞工事務局,9,22.204693,113.559912
M54_1,Macau Peninsula,500.178875452245,464.89099666436624,440.08910533910534,M54_1,電力公司,6,22.203879,113.554352
M55_1,Macau Peninsula,472.97364718614716,452.9117424242424,419.5517316017316,M55_1,東北大馬路/南澳,6,22.206123,113.554506
M59_1,Macau Peninsula,491.82918209005163,491.82918209005163,443.66522366522366,M59_1,荷蘭花園,5,22.201624,113.549411
M5_1,Macau Peninsula,214.77720057720057,214.77720057720057,189.02222222222224,M5_1,街總社區服務大樓,2,22.213255,113.544048
M60_1,Macau Peninsula,409.2740682256811,409.2740682256811,363.5996724460222,M60_1,青茂/何賢紳士馬路,6,22.211438,113.5415
M61_1,Macau Peninsula,683.7959930568626,683.7959930568626,657.0787878787878,M61_1,二龍喉公園,6,22.200951,113.550751
M61_2,Macau Peninsula,975.3303523961418,912.567161480777,799.1187411876199,M61_2,二龍喉公園,10,22.200904,113.550694
M62_1,Macau Peninsula,147.20634920634922,132.97777777777776,94.14141414141413,M62_1,回力,2,22.19594,113.555204
M62_2,Macau Peninsula,255.06493506493507,255.06493506493507,195.50197628458497,M62_2,回力,1,22.196114,113.555338
M62_3,Macau Peninsula,173.76623376623377,173.76623376623377,163.6094276094276,M62_3,回力,1,22.19656,113.555191
M63_1,Macau Peninsula,461.106746031746,461.106746031746,384.34805954279636,M63_1,紀念孫中山公園,4,22.215371,113.545306
M64_1,Macau Peninsula,508.82143925018687,476.4214392501869,332.7366289624354,M64_1,黑沙環新街/南華,7,22.206324,113.557092
M65_1,Macau Peninsula,265.9442407950472,236.48969534050178,192.5556841762275,M65_1,青茂/青洲坊,4,22.211733,113.541904
M66_1,Macau Peninsula,109.21717171717172,109.21717171717172,111.11111111111111,M66_1,水塘馬路,1,22.199732,113.554654
M67_1,Macau Peninsula,306.9861111111111,306.9861111111111,264.2753322700691,M67_1,青茂口岸,3,22.21326,113.54279
M68_1,Macau Peninsula,182.15656565656565,182.15656565656565,180.76767676767676,M68_1,葡京路,2,22.190412,113.543901
M69_1,Macau Peninsula,610.9130358888424,552.0481008239072,554.4344866602931,M69_1,葡京酒店,8,22.1892,113.544779
M69_2,Macau Peninsula,905.1522640757935,905.2522640757935,788.4879282411251,M69_2,葡京酒店,9,22.189225,113.544841
M6_1,Macau Peninsula,213.43232323232323,183.97777777777776,182.06868686868688,M6_1,青茂/鴨涌河變電站,3,22.212608,113.540464
M70_1,Macau Peninsula,987.5815517815518,962.674913974914,917.01739001739,M70_1,澳門理工大學,10,22.193406,113.551966
M71_1,Macau Peninsula,1079.3275835275836,1049.784582084582,992.7377807377807,M71_1,廈門街/澳門理工大學,11,22.193117,113.551519
M72_1,Macau Peninsula,217.4025974025974,217.4025974025974,225.29042809042807,M72_1,陳瑞祺中學,2,22.198504,113.549041
M73_1,Macau Peninsula,723.4402597402598,674.2772005772006,601.4527302005563,M73_1,得勝花園,7,22.199441,113.548956
M73_2,Macau Peninsula,731.9266233766234,721.9527542505804,644.6930735930736,M73_2,得勝花園,7,22.199211,113.5487
M75_1,Macau Peninsula,287.8712953712954,287.8712953712954,249.5732894556424,M75_1,高美士中葡中學,2,22.198708,113.547713
M76_1,Macau Peninsula,586.5974025974026,586.5974025974026,530.9956709956709,M76_1,盧廉若公園,5,22.200022,113.548169
M76_2,Macau Peninsula,772.0290043290044,752.3204906204907,665.4916431394693,M76_2,盧廉若公園,8,22.200173,113.548284
M77_1,Macau Peninsula,99.0,99.0,97.0909090909091,M77_1,羅利老馬路,1,22.200305,113.547126
M78_1,Macau Peninsula,282.5308515014397,282.5308515014397,244.50485575805266,M78_1,沙嘉都喇街,2,22.19947,113.546559
M7_1,Macau Peninsula,297.7692307692308,297.7692307692308,305.1923076923077,M7_1,關閘馬路,2,22.212787,113.54864
M7_2,Macau Peninsula,172.98124098124097,172.98124098124097,139.2150072150072,M7_2,關閘馬路,2,22.212566,113.548608
M7_3,Macau Peninsula,255.44011544011545,235.73160173160173,236.1734613212874,M7_3,關閘馬路,2,22.21231,113.54857
M800_7,Macau Peninsula,113.14285714285714,113.14285714285714,92.57142857142857,M800_7,港珠澳大橋邊檢大樓,1,22.201473,113.574388
M800_8,Macau Peninsula,151.08734402852048,151.08734402852048,151.08734402852048,M800_8,港珠澳大橋邊檢大樓,1,22.201476,113.574241
M81_1,Macau Peninsula,282.5308515014397,282.5308515014397,244.50485575805266,M81_1,歸僑總會,2,22.200343,113.545255
M82_1,Macau Peninsula,130.5194805194805,130.5194805194805,143.48571428571427,M82_1,賈伯樂/沙嘉都喇,1,22.20021,113.546038
M83_1,Macau Peninsula,229.5194805194805,229.5194805194805,240.57662337662336,M83_1,賈伯樂/培正,2,22.201021,113.54704
M84_1,Macau Peninsula,664.1126984126984,644.4041847041847,586.263167910994,M84_1,高士德/培正,6,22.201611,113.548396
M84_2,Macau Peninsula,570.0578978187674,565.4215341824038,514.4107744107744,M84_2,高士德/培正,6,22.201626,113.548379
M85_1,Macau Peninsula,99.0,99.0,97.0909090909091,M85_1,羅利老/得勝花園,1,22.199282,113.548101
M86_1,Macau Peninsula,405.71996753246754,405.71996753246754,351.1136363636364,M86_1,渡船街/俾利喇街,4,22.201717,113.545597
M87_1,Macau Peninsula,567.8061258186258,558.8423577026838,534.8342562666091,M87_1,連勝馬路,5,22.201305,113.54461
M88_1,Macau Peninsula,644.4848819457515,627.6848819457515,603.8973063973064,M88_1,高士德/賈伯樂,8,22.202173,113.547948
M8_1,Macau Peninsula,415.10860154338417,395.4000878348705,375.23320158102763,M8_1,巴波沙大馬路,4,22.212753,113.547588
M8_2,Macau Peninsula,685.6110591074538,685.6110591074538,672.8621413585361,M8_2,巴波沙大馬路,7,22.212793,113.547591
M90_1,Macau Peninsula,319.4105339105339,315.26999811782423,280.35858585858585,M90_1,雅廉花園,3,22.203162,113.548807
M91_1,Macau Peninsula,639.0477633477633,579.3392496392496,526.276635924462,M91_1,高士德/亞利鴉架街,7,22.20363,113.546144
M92_1,Macau Peninsula,825.8609259892155,825.8609259892155,715.0937887648414,M92_1,俾利喇/高士德,8,22.203206,113.547304
M93_1,Macau Peninsula,192.22222222222223,192.22222222222223,151.2153110047847,M93_1,海擎天總站,1,22.205692,113.541625
M94_1,Macau Peninsula,311.6391547049442,267.00279106858056,256.30461592670895,M94_1,沙梨頭南街/蘭花前地,5,22.206201,113.543151
M95_2,Macau Peninsula,40.0,,,M95_2,沙梨頭北街/筷子基北灣,1,22.208841,113.541755
M95_3,Macau Peninsula,440.191636226441,440.191636226441,419.1921113395232,M95_3,沙梨頭北街/筷子基北灣,5,22.208892,113.541739
M96_1,Macau Peninsula,506.1186258186258,497.1548577026838,481.17516535751827,M96_1,連勝馬路/高士德,4,22.203605,113.545106
M97_1,Macau Peninsula,172.98124098124097,172.98124098124097,139.2150072150072,M97_1,雅廉訪/俾利喇,2,22.203536,113.548223
M98_1,Macau Peninsula,644.4848819457515,627.6848819457515,603.8973063973064,M98_1,高士德/連勝,8,22.203958,113.545928
M99_1,Macau Peninsula,305.3912311521007,300.7548675157371,289.07744107744105,M99_1,高士德/紅街市,4,22.204919,113.544681
M9_1,Macau Peninsula,482.38062558356677,423.64722010016123,377.926911976912,M9_1,關閘廣場,4,22.214866,113.549449
T300_1,Taipa & Cotai,1334.5983899141793,1251.322199437989,1155.8872767456292,T300_1,史伯泰/盧廉若,16,22.16266,113.552686
T301_1,Taipa & Cotai,59.42857142857143,59.42857142857143,59.42857142857143,T301_1,盧廉若/菩提園,1,22.16165,113.551322
T302_1,Taipa & Cotai,59.42857142857143,59.42857142857143,59.42857142857143,T302_1,盧廉若/葡京花園,1,22.15948,113.548413
T303_1,Taipa & Cotai,188.0,188.0,188.42857142857142,T303_1,旅遊學院氹仔校區,2,22.163491,113.559343
T304_1,Taipa & Cotai,796.172704488494,786.6050277208171,712.2174153332048,T304_1,氹仔大中華廣場,8,22.160685,113.556702
T305_1,Taipa & Cotai,188.0,188.0,188.42857142857142,T305_1,城市大學,2,22.16385,113.556383
T306_1,Taipa & Cotai,548.650393466183,525.669152484942,467.2146119834907,T306_1,氹仔嘉樂庇馬路,7,22.153101,113.563067
T306_2,Taipa & Cotai,171.95238095238093,171.95238095238093,171.83276372750058,T306_2,氹仔嘉樂庇馬路,6,22.153173,113.563052
T307_1,Taipa & Cotai,427.34718614718616,427.34718614718616,409.1753246753247,T307_1,宋玉生博士圓形地,6,22.16258,113.555013
T308_1,Taipa & Cotai,695.4500493658388,633.7738588896484,564.7732942369098,T308_1,氹仔電訊,8,22.160619,113.55664
T308_3,Taipa & Cotai,586.1479076479077,586.1479076479077,547.0750214697583,T308_3,氹仔電訊,8,22.160883,113.556387
T309_1,Taipa & Cotai,595.5875541125541,542.6008202635252,496.51546025802315,T309_1,泉亮花園,10,22.159096,113.558219
T310_1,Taipa & Cotai,732.5190248348143,726.2240753398648,660.0226101383996,T310_1,泉裕豪庭,6,22.158772,113.558523
T310_2,Taipa & Cotai,461.04761904761904,370.8917748917749,344.6233766233766,T310_2,泉裕豪庭,8,22.158752,113.558541
T311_1,Taipa & Cotai,864.7278271436167,749.0516366674261,656.995516459132,T311_1,百利寶花園,10,22.157876,113.559238
T311_2,Taipa & Cotai,537.1847041847042,504.3015873015873,475.4711253658622,T311_2,百利寶花園,10,22.158056,113.559067
T313_1,Taipa & Cotai,649.6758263666159,592.9332483617427,490.4629601265757,T313_1,氹仔茵景園,13,22.156125,113.55992
T314_1,Taipa & Cotai,98.7012987012987,65.81818181818181,65.81818181818181,T314_1,信虹花園,5,22.156332,113.559859
T314_2,Taipa & Cotai,714.7845926003821,631.803351619141,573.2291938928095,T314_2,信虹花園,10,22.15639,113.55987
T315_1,Taipa & Cotai,553.0427094834989,529.1832483617427,490.4629601265757,T315_1,氹仔CEM貨倉,11,22.154661,113.561381
T316_1,Taipa & Cotai,591.2240753398648,501.78792815371764,428.11248787931777,T316_1,北安大馬路/新城區,7,22.164759,113.566684
T317_1,Taipa & Cotai,374.74603174603175,345.4487734487734,228.55246069719755,T317_1,北安大馬路/和睦街,5,22.163378,113.57106
T318_1,Taipa & Cotai,787.0969687317513,780.8020192368019,721.8079698079698,T318_1,泉悅花園,7,22.156385,113.559484
T319_1,Taipa & Cotai,787.0969687317513,780.8020192368019,721.8079698079698,T319_1,嘉模泳池,7,22.154966,113.559214
T320_1,Taipa & Cotai,787.0969687317513,780.8020192368019,721.8079698079698,T320_1,氹仔官也街,7,22.153048,113.55714
T321_1,Taipa & Cotai,787.0969687317513,780.8020192368019,721.8079698079698,T321_1,氹仔中葡小學,7,22.152149,113.555292
T322_1,Taipa & Cotai,108.33395989974937,108.33395989974937,106.10548172757476,T322_1,信安馬路,2,22.16225,113.56951
T323_1,Taipa & Cotai,787.0969687317513,780.8020192368019,721.8079698079698,T323_1,黑橋/地堡街,7,22.154494,113.556217
T324_1,Taipa & Cotai,340.6737867395762,340.6737867395762,303.5952153110048,T324_1,澳門運動場,5,22.155441,113.555037
T324_2,Taipa & Cotai,1143.6087064092785,1137.313756914329,1033.8342307563237,T324_2,澳門運動場,11,22.155471,113.554966
T325_2,Taipa & Cotai,834.296802612592,828.0018531176426,753.5291036448931,T325_2,華寶花園,7,22.155665,113.554782
T325_3,Taipa & Cotai,676.125300925873,676.125300925873,546.2899528120458,T325_3,華寶花園,10,22.155539,113.555067
T326_1,Taipa & Cotai,258.7839817187643,258.7839817187643,244.3052503052503,T326_1,柯維納馬路,4,22.157003,113.546126
T326_2,Taipa & Cotai,356.3768891926787,351.3667881825777,294.2919896640827,T326_2,柯維納馬路,5,22.156998,113.545862
T326_3,Taipa & Cotai,274.5250327158222,274.5250327158222,240.6408907629838,T326_3,柯維納馬路,5,22.157118,113.545687
T326_4,Taipa & Cotai,288.5187747035573,288.5187747035573,257.8459595959596,T326_4,柯維納馬路,3,22.157119,113.545967
T326_5,Taipa & Cotai,532.1809523809524,525.8860028860029,482.8273948273948,T326_5,柯維納馬路,4,22.157121,113.546209
T327_1,Taipa & Cotai,736.660870911443,731.650769901342,650.4154217875148,T327_1,賽馬會,10,22.156993,113.549864
T328_1,Taipa & Cotai,379.215873015873,368.205772005772,303.4920634920635,T328_1,東亞運馬路/羅斯福,5,22.153916,113.543918
T330_1,Taipa & Cotai,1254.8408141566035,1171.5646236804132,1083.8872767456292,T330_1,蘇利安圓形地,15,22.1639,113.549802
T330_2,Taipa & Cotai,204.70165945165945,204.70165945165945,190.39285714285714,T330_2,蘇利安圓形地,3,22.164135,113.547996
T330_3,Taipa & Cotai,250.73593073593074,250.73593073593074,234.28571428571428,T330_3,蘇利安圓形地,2,22.164171,113.547791
T331_1,Taipa & Cotai,188.70165945165945,188.70165945165945,174.39285714285714,T331_1,美景花園,2,22.156639,113.553356
T332_1,Taipa & Cotai,716.5362914862915,710.241341991342,644.220251970252,T332_1,南新花園,7,22.157415,113.549396
T332_2,Taipa & Cotai,614.1527540283262,560.1527540283262,454.80827893037196,T332_2,南新花園,9,22.157418,113.549955
T334_1,Taipa & Cotai,481.74485456064406,476.734753550543,411.43484680693985,T334_1,海洋花園/紫荊苑,7,22.161139,113.543801
T335_1,Taipa & Cotai,66.0482456140351,66.0482456140351,63.81976744186046,T335_1,海洋廣場,2,22.160872,113.54378
T335_2,Taipa & Cotai,596.2098475196301,596.2098475196301,530.769536019536,T335_2,海洋廣場,7,22.160765,113.543698
T336_1,Taipa & Cotai,275.4913733609386,275.4913733609386,262.984126984127,T336_1,海洋花園瞭望台,2,22.161602,113.542989
T336_2,Taipa & Cotai,50.769230769230774,50.769230769230774,50.769230769230774,T336_2,海洋花園瞭望台,1,22.161455,113.542905
T337_1,Taipa & Cotai,615.160870911443,610.150769901342,538.597239969333,T337_1,氹仔海濱花園,9,22.158477,113.542124
T338_1,Taipa & Cotai,571.2580931336652,571.2580931336652,516.8115256836187,T338_1,海洋花園衛生中心,8,22.159616,113.542239
T339_2,Taipa & Cotai,834.296802612592,828.0018531176426,753.5291036448931,T339_2,花城公園,7,22.156135,113.557226
T339_4,Taipa & Cotai,676.125300925873,676.125300925873,546.2899528120458,T339_4,花城公園,10,22.156278,113.557475
T341_1,Taipa & Cotai,346.1004329004329,346.1004329004329,327.92857142857144,T341_1,聖公會中學,4,22.161427,113.560108
T342_1,Taipa & Cotai,562.5993929157545,562.5993929157545,442.1435465866922,T342_1,高勵雅馬路,7,22.162291,113.561688
T343_1,Taipa & Cotai,735.4045877209493,675.4045877209493,535.5980920412377,T343_1,海灣花園/海城閣,9,22.162057,113.561165
T344_1,Taipa & Cotai,528.3414407230197,528.3414407230197,463.20330203592135,T344_1,機場倉庫,7,22.16159,113.573837
T345_1,Taipa & Cotai,146.1593567251462,146.1593567251462,123.42742294425281,T345_1,氹仔客運碼頭,2,22.163391,113.575884
T345_2,Taipa & Cotai,105.15151515151516,105.15151515151516,94.02597402597402,T345_2,氹仔客運碼頭,1,22.16319,113.575854
T345_3,Taipa & Cotai,115.27777777777777,115.27777777777777,92.22222222222223,T345_3,氹仔客運碼頭,1,22.162783,113.575737
T345_4,Taipa & Cotai,65.93939393939394,65.93939393939394,57.71428571428571,T345_4,氹仔客運碼頭,1,22.163259,113.576335
T345_5,Taipa & Cotai,146.1593567251462,146.1593567251462,123.42742294425281,T345_5,氹仔客運碼頭,2,22.163065,113.576323
T345_6,Taipa & Cotai,117.63157894736841,117.63157894736841,117.63157894736841,T345_6,氹仔客運碼頭,2,22.162777,113.576252
T345_8,Taipa & Cotai,117.15277777777777,117.15277777777777,93.72222222222223,T345_8,氹仔客運碼頭,1,22.163148,113.57511
T346_1,Taipa & Cotai,113.42857142857143,59.42857142857143,59.42857142857143,T346_1,廣東大馬路/鴻發,2,22.161829,113.5546
T347_1,Taipa & Cotai,600.851564517354,600.851564517354,521.515994531784,T347_1,運動場/體育中心,8,22.155103,113.552535
T348_1,Taipa & Cotai,213.9738095238095,184.5376623376623,152.9448051948052,T348_1,路環發電廠,2,22.138606,113.574511
T349_1,Taipa & Cotai,59.42857142857143,59.42857142857143,59.42857142857143,T349_1,路環電廠圓形地,1,22.138757,113.574373
T350_1,Taipa & Cotai,187.43939393939394,187.43939393939394,169.53246753246754,T350_1,廣東大馬路/馬會,2,22.158005,113.549097
T351_1,Taipa & Cotai,243.14285714285717,189.14285714285717,189.57142857142856,T351_1,布拉干薩街,3,22.158822,113.55255
T352_1,Taipa & Cotai,422.46248196248195,368.46248196248195,272.0681818181818,T352_1,廣東大馬路/濠景,6,22.159539,113.552623
T353_1,Taipa & Cotai,430.5822510822511,376.5822510822511,359.1038961038961,T353_1,廣東大馬路/濠尚,5,22.159552,113.552428
T354_2,Taipa & Cotai,442.0502658160553,382.0502658160553,275.16768268451256,T354_2,北安出入境事務大樓,7,22.164034,113.570637
T355_1,Taipa & Cotai,415.1247801905697,394.53804634154073,380.4976208622768,T355_1,蓮花路停車場,7,22.138898,113.560792
T355_2,Taipa & Cotai,383.3752297410192,383.3752297410192,322.0038944259875,T355_2,蓮花路停車場,6,22.13892,113.560475
T356_1,Taipa & Cotai,172.55935672514622,172.55935672514622,123.42742294425281,T356_1,澳門機場,3,22.157695,113.573802
T356_2,Taipa & Cotai,165.15151515151516,105.15151515151516,94.02597402597402,T356_2,澳門機場,2,22.157669,113.573754
T356_3,Taipa & Cotai,277.03056884635834,277.03056884635834,245.74990506569455,T356_3,澳門機場,4,22.157552,113.573529
T358_1,Taipa & Cotai,479.46366294524194,479.46366294524194,398.9810798136991,T358_1,偉龍/科大醫院,9,22.154771,113.567933
T359_1,Taipa & Cotai,514.6904367562263,461.22058602408043,400.962419221812,T359_1,蓮花圓形地,9,22.140883,113.563572
T360_1,Taipa & Cotai,1014.1733865549655,961.5817559633349,767.4121723926178,T360_1,連貫公路/新濠影匯,16,22.140703,113.563299
T361_1,Taipa & Cotai,780.6650565808461,775.6549555707451,615.515994531784,T361_1,運動場/賽馬會,10,22.155425,113.552464
T363_1,Taipa & Cotai,233.40544397123347,233.40544397123347,231.0111725280024,T363_1,連貫公路/威尼斯人,5,22.149228,113.56373
T363_2,Taipa & Cotai,352.25466697045647,300.14615326194274,252.72985229873103,T363_2,連貫公路/威尼斯人,4,22.149462,113.563742
T364_1,Taipa & Cotai,231.81664388243337,225.81664388243337,199.02378673957622,T364_1,望德聖母灣馬路/軍營,4,22.150767,113.55498
T364_2,Taipa & Cotai,306.4634920634921,306.4634920634921,264.20649350649353,T364_2,望德聖母灣馬路/軍營,3,22.150659,113.555261
T365_1,Taipa & Cotai,434.82378673957624,434.82378673957624,310.29521531100477,T365_1,排角/銀河,5,22.150551,113.555097
T365_2,Taipa & Cotai,161.20634920634922,161.20634920634922,152.93506493506493,T365_2,排角/銀河,2,22.150732,113.554647
T366_1,Taipa & Cotai,691.0404534062429,691.0404534062429,563.5601579706843,T366_1,望德聖母灣馬路/紅樹林,8,22.150087,113.559875
T367_1,Taipa & Cotai,756.6654534062429,756.6654534062429,565.0601579706843,T367_1,望德聖母灣馬路/連貫公路,9,22.150481,113.562365
T368_1,Taipa & Cotai,697.1855244171034,697.1855244171034,615.6214762593587,T368_1,奧林匹克大馬路,9,22.156537,113.558845
T369_1,Taipa & Cotai,311.7242063492063,257.7242063492063,225.5079365079365,T369_1,基馬拉斯/氹仔中央公園,6,22.158045,113.555484
T370_1,Taipa & Cotai,273.38167388167386,219.38167388167386,187.54040404040404,T370_1,基馬拉斯/濠珀,6,22.158014,113.555572
T372_1,Taipa & Cotai,433.7369047619047,433.7369047619047,312.7634920634921,T372_1,蓮花路/新濠影匯,6,22.139735,113.559969
T373_1,Taipa & Cotai,307.3090909090909,247.3090909090909,201.55844155844156,T373_1,偉龍/科技大學,7,22.152082,113.565112
T373_2,Taipa & Cotai,258.554572036151,258.554572036151,197.4226382552576,T373_2,偉龍/科技大學,4,22.151707,113.564791
T374_1,Taipa & Cotai,436.3831434647224,433.1104161919951,345.57848241110173,T374_1,澳門土木工程實驗室,9,22.152142,113.564785
T375_1,Taipa & Cotai,710.7133576949367,624.8435069627908,485.3968689825776,T375_1,連貫公路/新濠天地,13,22.149332,113.563982
T376_1,Taipa & Cotai,266.28856085435035,233.40544397123347,231.0111725280024,T376_1,連貫公路/巴黎人,6,22.144434,113.56349
T376_2,Taipa & Cotai,442.76895268474215,390.6604389762285,252.72985229873103,T376_2,連貫公路/巴黎人,7,22.144787,113.563508
T377_1,Taipa & Cotai,96.11111111111111,96.11111111111111,75.60765550239235,T377_1,路氹城馬路/巴黎人,1,22.142641,113.562097
T378_1,Taipa & Cotai,319.34444444444443,319.34444444444443,237.38543328017013,T378_1,路氹城馬路/新濠影匯,4,22.142477,113.562053
T379_1,Taipa & Cotai,487.1705005520795,433.7006498199337,382.19686898257754,T379_1,連貫公路/巴黎人花園,9,22.14381,113.563716
T380_1,Taipa & Cotai,584.3705005520795,498.5006498199337,382.19686898257754,T380_1,連貫公路/倫敦人,12,22.146191,113.56383
T384_1,Taipa & Cotai,286.8136724386724,224.63329725829726,201.20274170274172,T384_1,蓮花路/體育館馬路,5,22.138612,113.567497
T385_1,Taipa & Cotai,411.42041847041844,349.1011544011544,302.9027417027417,T385_1,蓮花路/蓮花圓形地-1,6,22.138407,113.567722
T386_1,Taipa & Cotai,286.8136724386724,224.63329725829726,201.20274170274172,T386_1,蓮花路/蓮花圓形地-2,5,22.139045,113.564464
T387_1,Taipa & Cotai,186.4206349206349,186.4206349206349,163.36507936507937,T387_1,東亞運/保齡球中心,3,22.14344,113.568865
T388_1,Taipa & Cotai,188.2956349206349,188.2956349206349,164.86507936507937,T388_1,東亞運/巴黎人花園,3,22.142956,113.568605
T389_1,Taipa & Cotai,186.4206349206349,186.4206349206349,163.36507936507937,T389_1,澳門東亞運動會體育館,3,22.139863,113.568514
T391_1,Taipa & Cotai,67.14285714285714,67.14285714285714,67.14285714285714,T391_1,霍英東馬路/科技大學,2,22.150367,113.566863
T392_1,Taipa & Cotai,168.75324675324674,165.4805194805195,165.4805194805195,T392_1,霍英東馬路/新濠天地,3,22.150239,113.565433
T394_1,Taipa & Cotai,297.606746031746,291.606746031746,236.82987772461456,T394_1,新城大馬路/威尼斯人,4,22.148796,113.5581
T395_1,Taipa & Cotai,289.731746031746,289.731746031746,235.32987772461456,T395_1,新城大馬路/銀河,3,22.148813,113.557905
T396_1,Taipa & Cotai,297.606746031746,291.606746031746,236.82987772461456,T396_1,路氹西/金光會展,4,22.144343,113.557896
T397_1,Taipa & Cotai,289.731746031746,289.731746031746,235.32987772461456,T397_1,路氹西/銀河,3,22.144784,113.557704
T399_1,Taipa & Cotai,186.4206349206349,186.4206349206349,163.36507936507937,T399_1,路氹東/永利皇宮,3,22.147233,113.569294
T400_1,Taipa & Cotai,188.2956349206349,188.2956349206349,164.86507936507937,T400_1,路氹東/新濠天地,3,22.149102,113.568818
T401_1,Taipa & Cotai,58.285714285714285,58.285714285714285,58.285714285714285,T401_1,雞頸馬路/孝思-1,1,22.161734,113.565914
T402_1,Taipa & Cotai,550.710101010101,530.1233671610721,488.3971341396971,T402_1,泉澧花園,9,22.161258,113.556167
T403_1,Taipa & Cotai,1217.121766537556,1100.5673559208503,1005.5820819404344,T403_1,史伯泰/麗景灣,15,22.162749,113.553651
T404_1,Taipa & Cotai,113.6103896103896,110.33766233766234,110.33766233766234,T404_1,駕駛學習暨考試中心,2,22.151252,113.575361
T406_1,Taipa & Cotai,354.6584681400471,354.6584681400471,293.5265343591537,T406_1,機場圓形地/偉龍,7,22.154949,113.567858
T407_1,Taipa & Cotai,244.88816738816737,241.6154401154401,218.55988455988455,T407_1,霍英東馬路/永利皇宮,4,22.150199,113.569684
T408_1,Taipa & Cotai,212.09153565732512,212.09153565732512,201.63794926004226,T408_1,湖畔大廈,5,22.158919,113.561032
T408_10,Taipa & Cotai,79.75757575757575,79.75757575757575,72.0,T408_10,湖畔大廈,1,22.158776,113.561366
T408_12,Taipa & Cotai,65.76623376623377,,,T408_12,湖畔大廈,1,22.158573,113.561251
T408_2,Taipa & Cotai,203.7108225108225,203.7108225108225,184.64285714285714,T408_2,湖畔大廈,3,22.159012,113.56115
T408_5,Taipa & Cotai,229.53140096618358,229.53140096618358,213.59595959595958,T408_5,湖畔大廈,2,22.158801,113.561129
T408_6,Taipa & Cotai,367.7037290195185,367.7037290195185,254.28626110731372,T408_6,湖畔大廈,6,22.158898,113.561247
T408_8,Taipa & Cotai,108.0,,,T408_8,湖畔大廈,1,22.158692,113.561117
T408_9,Taipa & Cotai,129.71428571428572,129.71428571428572,130.14285714285714,T408_9,湖畔大廈,1,22.158679,113.561248
T409_1,Taipa & Cotai,537.1967955131571,504.3136786300402,383.857832300978,T409_1,湖畔公園,7,22.15874,113.562122
T410_1,Taipa & Cotai,58.285714285714285,58.285714285714285,58.285714285714285,T410_1,雞頸馬路/孝思-2,1,22.160584,113.568715
T411_1,Taipa & Cotai,58.285714285714285,58.285714285714285,58.285714285714285,T411_1,金皇冠中國大酒店,1,22.159,113.573716
T412_1,Taipa & Cotai,188.67676767676767,188.67676767676767,101.96428571428571,T412_1,氹仔中央公園/成都街,3,22.158352,113.55445
T413_1,Taipa & Cotai,317.15367965367966,317.15367965367966,299.67532467532465,T413_1,氹仔中央公園/哥英布拉街,3,22.158897,113.555478
T414_1,Taipa & Cotai,126.34285714285714,126.34285714285714,103.2,T414_1,永進馬路/美獅美高梅,1,22.14545,113.566955
T415_1,Taipa & Cotai,126.34285714285714,126.34285714285714,103.2,T415_1,路氹新城,1,22.141698,113.566767
T417_1,Taipa & Cotai,393.08816738816734,389.8154401154401,335.16702741702744,T417_1,科大/機場貨運站,5,22.153166,113.57041
T418_1,Taipa & Cotai,327.58419913419914,294.87532467532463,263.28246753246754,T418_1,機場大馬路/輕軌車廠,4,22.148933,113.573188
T419_1,Taipa & Cotai,327.4453102453102,294.87532467532463,263.28246753246754,T419_1,機場大馬路/永利皇宮,4,22.150038,113.572234
T420_1,Taipa & Cotai,441.7873015873016,436.7772005772006,361.77777777777777,T420_1,蓮花海濱大馬路/銀河-1,6,22.149603,113.551383
T421_1,Taipa & Cotai,442.7873015873016,436.7772005772006,361.77777777777777,T421_1,皇庭海景酒店,7,22.150561,113.550837
T422_1,Taipa & Cotai,496.0730158730159,491.06291486291485,407.27777777777777,T422_1,蓮花海濱大馬路/銀河-2,7,22.145125,113.552617
T423_1,Taipa & Cotai,497.0730158730159,491.06291486291485,407.27777777777777,T423_1,蓮花海濱大馬路/百老匯,8,22.145575,113.552471
T424_1,Taipa & Cotai,618.815873015873,607.805772005772,474.77777777777777,T424_1,海濱圓形地/生態保護區,10,22.141399,113.552568
T425_1,Taipa & Cotai,613.815873015873,607.805772005772,474.77777777777777,T425_1,海濱圓形地/西堤馬路,10,22.141078,113.552382
T426_1,Taipa & Cotai,189.54920634920634,184.53910533910533,155.71428571428572,T426_1,澳大河隧/高爾夫俱樂部,2,22.134897,113.552531
T427_1,Taipa & Cotai,189.54920634920634,184.53910533910533,155.71428571428572,T427_1,澳大河隧/西堤馬路,2,22.133949,113.552334
T428_1,Taipa & Cotai,158.1004329004329,158.1004329004329,139.5,T428_1,聚龍明珠/榮苑,2,22.165636,113.558927
T429_1,Taipa & Cotai,265.35277777777776,265.35277777777776,210.3293650793651,T429_1,機場大馬路/科大醫院,2,22.153213,113.570171
T430_1,Taipa & Cotai,411.87436394015344,406.8642629300524,341.8601714822645,T430_1,海洋花園/玫瑰苑,6,22.162146,113.541646
T431_1,Taipa & Cotai,388.68587187666134,388.68587187666134,327.1379492600423,T431_1,西灣大橋/海洋大馬路,6,22.162856,113.541866
T432_1,Taipa & Cotai,158.1004329004329,158.1004329004329,139.5,T432_1,日昇樓,2,22.16379,113.560896
T433_1,Taipa & Cotai,327.58419913419914,294.87532467532463,263.28246753246754,T433_1,機場大馬路/航空圓形地,4,22.146682,113.574664
T434_1,Taipa & Cotai,273.2634920634921,243.96623376623376,212.37337662337663,T434_1,機場大馬路/上葡京,3,22.144942,113.575578
T435_1,Taipa & Cotai,273.40238095238095,243.96623376623376,212.37337662337663,T435_1,溜冰路/葡京人,3,22.141272,113.572295
T436_1,Taipa & Cotai,213.83492063492065,184.5376623376623,152.9448051948052,T436_1,溜冰路/東亞運體育館,2,22.138945,113.572159
T440_1,Taipa & Cotai,116.57142857142857,116.57142857142857,116.57142857142857,T440_1,松樹尾總站,1,22.154414,113.557405
T550_1,Taipa & Cotai,189.0,182.0,155.55555555555557,T550_1,澳門大學總站,2,22.135625,113.546615
T550_2,Taipa & Cotai,156.68571428571428,156.68571428571428,135.0,T550_2,澳門大學總站,1,22.135625,113.546276
T550_4,Taipa & Cotai,286.1333333333333,286.1333333333333,164.0,T550_4,澳門大學總站,3,22.135733,113.546278
T551_1,Taipa & Cotai,223.06666666666666,222.06666666666666,147.77777777777777,T551_1,澳大/研究生宿舍,4,22.124774,113.546265
T551_2,Taipa & Cotai,90.34285714285714,90.34285714285714,79.5,T551_2,澳大/研究生宿舍,2,22.124833,113.546268
T552_1,Taipa & Cotai,318.4095238095238,312.4095238095238,227.27777777777777,T552_1,澳大/中央教學樓,6,22.128049,113.546523
T553_1,Taipa & Cotai,318.4095238095238,312.4095238095238,227.27777777777777,T553_1,澳大/大學展館,6,22.130372,113.546525
T554_1,Taipa & Cotai,318.4095238095238,312.4095238095238,227.27777777777777,T554_1,澳大/大學會堂,6,22.134058,113.54642
T555_2,Taipa & Cotai,318.4095238095238,312.4095238095238,227.27777777777777,T555_2,澳大/綜合體育館,6,22.133959,113.543275
T556_1,Taipa & Cotai,313.4095238095238,312.4095238095238,227.27777777777777,T556_1,澳大/行政樓,6,22.134107,113.54354
T557_1,Taipa & Cotai,313.4095238095238,312.4095238095238,227.27777777777777,T557_1,大學北,6,22.134052,113.546521
T558_1,Taipa & Cotai,313.4095238095238,312.4095238095238,227.27777777777777,T558_1,大學大馬路,6,22.130378,113.546803
T559_1,Taipa & Cotai,318.4095238095238,312.4095238095238,227.27777777777777,T559_1,大學南,6,22.124183,113.546231
T560_1,Taipa & Cotai,139.11111111111111,139.11111111111111,139.11111111111111,T560_1,橫琴澳方口岸,1,22.140789,113.546225
T560_2,Taipa & Cotai,55.14285714285714,55.14285714285714,55.14285714285714,T560_2,橫琴澳方口岸,1,22.140569,113.546232
T560_3,Taipa & Cotai,417.25714285714287,417.25714285714287,298.9714285714286,T560_3,橫琴澳方口岸,3,22.140545,113.545738
TEMP_14_1,Macau Peninsula,130.5194805194805,130.5194805194805,143.48571428571427,TEMP_14_1,臨時站,1,22.198063,113.542702
