route,nameCht,type,n_directions,n_stop_records,zones_served,cross_bridge,reaches_coloane
1,關閘 ⇌ 媽閣,2-way,2,29,Macau Peninsula,False,False
1A,筷子基街 ⇌ 新口岸/科英布拉街,2-way,2,28,Macau Peninsula,False,False
2,永寧廣場 ⇌ 媽閣,2-way,2,37,Macau Peninsula,False,False
2A,東方明珠 ↻ 亞馬喇前地,circular,1,22,Macau Peninsula,False,False
3,關閘 ⇌ 外港碼頭,2-way,2,31,Macau Peninsula,False,False
3A,司打口 ↻ 關閘,circular,1,38,Macau Peninsula,False,False
3AX,關閘 ↻ 亞馬喇前地,circular,1,16,Macau Peninsula,False,False
3X,關閘 ↻ 亞馬喇前地,circular,1,16,Macau Peninsula,False,False
4,筷子基 ↻ 新馬路,circular,1,15,Macau Peninsula,False,False
5,媽閣 ↻ 華大新村,circular,1,27,Macau Peninsula,False,False
5AX,旅遊塔 ↻ 華大新村,circular,1,19,Macau Peninsula,False,False
5X,青洲坊 ↻ 皇朝,circular,1,22,Macau Peninsula,False,False
6A,永寧廣場 ↻ 山頂醫院,circular,1,41,Macau Peninsula,False,False
6B,媽閣 ↻ 山頂醫院,circular,1,23,Macau Peninsula,False,False
7,東方明珠 ⇌ 城市日前地,2-way,2,33,Macau Peninsula,False,False
8,工業園街 ⇌ 回力,2-way,2,43,Macau Peninsula,False,False
8A,工業園街 ↻ 亞馬喇前地,circular,1,34,Macau Peninsula,False,False
9,牧場街 ↻ 媽閣,circular,1,35,Macau Peninsula,False,False
9A,牧場街 ↻ 旅遊塔,circular,1,29,Macau Peninsula,False,False
10,關閘 ⇌ 媽閣,2-way,2,39,Macau Peninsula,False,False
10A,外港碼頭 ⇌ 媽閣,2-way,2,32,Macau Peninsula,False,False
10B,馬場大馬路 ↻ 殷皇子馬路,circular,1,29,Macau Peninsula,False,False
10X,青洲坊 ↻ 亞馬喇前地,circular,1,25,Macau Peninsula,False,False
11,媽閣 ↻ 氹仔官也街,circular,1,42,Macau Peninsula + Taipa & Cotai,True,False
12,永寧廣場 ↻ 外港碼頭,circular,1,36,Macau Peninsula,False,False
15,海洋花園 ↻ 九澳村,circular,1,66,Coloane + Taipa & Cotai,False,True
16,牧場街 ↻ 下環街市,circular,1,27,Macau Peninsula,False,False
16S,牧場街 ↻ 媽閣,circular,1,28,Macau Peninsula,False,False
17,白鴿巢 ↻ 宋玉生廣場,circular,1,32,Macau Peninsula,False,False
17S,新口岸/科英布拉街 ⇌ 關閘,2-way,2,22,Macau Peninsula,False,False
18,牧場街 ⇌ 媽閣,2-way,2,45,Macau Peninsula,False,False
18A,東方明珠 ↻ 新馬路,circular,1,25,Macau Peninsula,False,False
18B,永定街 ⇌ 媽閣,2-way,2,35,Macau Peninsula,False,False
19,永寧廣場 ↻ 新馬路,circular,1,25,Macau Peninsula,False,False
21A,媽閣 ⇌ 九澳油庫,2-way,2,78,Coloane + Macau Peninsula + Taipa & Cotai,True,True
22,祐漢 ↻ 柯維納馬路,circular,1,39,Macau Peninsula + Taipa & Cotai,True,False
23,青洲 ↻ 旅遊塔,circular,1,40,Macau Peninsula,False,False
25,關閘 ↻ 路環市區,circular,1,50,Coloane + Macau Peninsula + Taipa & Cotai,True,True
25AX,關閘 ⇌ 蝴蝶谷大馬路,2-way,2,17,Coloane + Macau Peninsula + Taipa & Cotai,True,True
25B,關閘 ⇌ 橫琴澳方口岸,2-way,2,54,Macau Peninsula + Taipa & Cotai,True,False
25BS,橫琴澳方口岸 ↻ 望德聖母灣,circular,1,12,Taipa & Cotai,False,False
26,筷子基北灣 ↻ 路環街市,circular,1,76,Coloane + Macau Peninsula + Taipa & Cotai,True,True
26A,筷子基北灣 ⇌ 黑沙海灘,2-way,2,76,Coloane + Macau Peninsula + Taipa & Cotai,True,True
27,望廈 ↻ 青洲,circular,1,26,Macau Peninsula,False,False
28A,外港碼頭 ↻ 柯維納馬路,circular,1,31,Macau Peninsula + Taipa & Cotai,True,False
28B,青洲 ↻ 媽閣,circular,1,45,Macau Peninsula,False,False
28C,回力 ↻ 看台街/騎士馬路,circular,1,37,Macau Peninsula,False,False
29,青洲 ↻ 東方拱門,circular,1,32,Macau Peninsula,False,False
30,青洲坊 ↻ 氹仔中央公園,circular,1,38,Macau Peninsula + Taipa & Cotai,True,False
30X,關閘 ↻ 望德聖母灣,circular,1,19,Macau Peninsula + Taipa & Cotai,True,False
32,筷子基 ↻ 旅遊塔,circular,1,32,Macau Peninsula,False,False
33,筷子基 ↻ 柯維納馬路,circular,1,38,Macau Peninsula + Taipa & Cotai,True,False
34,青洲坊 ⇌ 海洋花園,2-way,2,39,Macau Peninsula + Taipa & Cotai,True,False
35,蘇利安圓形地 ↻ 溜冰路,circular,1,36,Taipa & Cotai,False,False
35S,湖畔大廈 ↻ 鏡湖護理學院,circular,1,17,Taipa & Cotai,False,False
36,蘇利安圓形地 ↻ 澳門機場,circular,1,29,Taipa & Cotai,False,False
37,松樹尾 ↻ 信安馬路,circular,1,21,Taipa & Cotai,False,False
39,新口岸/科英布拉街 ↻ 湖畔大廈,circular,1,15,Macau Peninsula + Taipa & Cotai,True,False
50,城市日前地 ↻ 路環市區,circular,1,44,Coloane + Macau Peninsula + Taipa & Cotai,True,True
50B,城市日前地 ↻ 駕考中心,circular,1,23,Macau Peninsula + Taipa & Cotai,True,False
51,蝴蝶谷大馬路 ↻ 關閘,circular,1,17,Coloane + Macau Peninsula + Taipa & Cotai,True,True
51A,海擎天 ⇌ 蝴蝶谷大馬路,2-way,2,40,Coloane + Macau Peninsula + Taipa & Cotai,True,True
51X,關閘 ⇌ 蝴蝶谷大馬路,2-way,2,15,Coloane + Macau Peninsula + Taipa & Cotai,True,True
52,蝴蝶谷大馬路 ↻ 亞馬喇前地,circular,1,24,Coloane + Macau Peninsula + Taipa & Cotai,True,True
55,蝴蝶谷大馬路 ↻ 司打口,circular,1,24,Coloane + Macau Peninsula + Taipa & Cotai,True,True
56,蝴蝶谷大馬路 ↻ 高士德,circular,1,25,Coloane + Macau Peninsula + Taipa & Cotai,True,True
59,關閘 ⇌ 聯生工業邨,2-way,2,22,Coloane + Macau Peninsula + Taipa & Cotai,True,True
71,澳門大學 ↻ 亞馬喇前地,circular,1,21,Macau Peninsula + Taipa & Cotai,True,False
71S,澳門大學 ⇌ 凱泉灣,2-way,2,26,Macau Peninsula + Taipa & Cotai,True,False
72,澳門大學 ↻ 湖畔大廈,circular,1,32,Taipa & Cotai,False,False
73,澳門大學 ↻ 黑沙環衛生中心,circular,1,26,Macau Peninsula + Taipa & Cotai,True,False
73S,澳門大學 ↻ 黑沙環衛生中心,circular,1,29,Macau Peninsula + Taipa & Cotai,True,False
101X,港珠澳大橋邊檢大樓 ↻ 亞馬喇前地,circular,1,22,Macau Peninsula,False,False
102X,港珠澳大橋邊檢大樓 ⇌ 橫琴澳方口岸,2-way,2,36,Macau Peninsula + Taipa & Cotai,True,False
701X,橫琴澳方口岸 ↻ 路氹連貫公路,circular,2,12,Taipa & Cotai,False,False
AP1,關閘 ↻ 澳門機場,circular,1,24,Macau Peninsula + Taipa & Cotai,True,False
AP1X,關閘 ↻ 澳門機場,circular,1,9,Macau Peninsula + Taipa & Cotai,True,False
H1,山頂醫院 ↻ 水坑尾,circular,1,12,Macau Peninsula,False,False
H2,俾若翰街/快富樓 ↻ 山頂醫院,circular,1,24,Macau Peninsula,False,False
H3,蝴蝶谷大馬路 ↻ 山頂醫院,circular,1,20,Coloane + Macau Peninsula + Taipa & Cotai,True,True
MT1,城市日前地 ↻ 澳門機場,circular,1,29,Macau Peninsula + Taipa & Cotai,True,False
MT2,城市日前地 ↻ 氹仔中央公園,circular,1,17,Macau Peninsula + Taipa & Cotai,True,False
MT3,望廈 ↻ 望德聖母灣,circular,1,22,Macau Peninsula + Taipa & Cotai,True,False
MT4,關閘 ⇌ 氹仔客運碼頭,2-way,2,65,Macau Peninsula + Taipa & Cotai,True,False
MT5,湖畔大廈 ↻ 皇朝,circular,1,21,Macau Peninsula + Taipa & Cotai,True,False
N1A,筷子基北灣 ↻ 亞馬喇前地,circular,1,25,Macau Peninsula,False,False
N1B,筷子基北灣 ↻ 亞馬喇前地,circular,1,23,Macau Peninsula,False,False
N2,筷子基北灣 ⇌ 氹仔客運碼頭,2-way,2,56,Macau Peninsula + Taipa & Cotai,True,False
N3,亞馬喇前地 ↻ 路環市區,circular,1,47,Coloane + Macau Peninsula + Taipa & Cotai,True,True
N5,亞馬喇前地 ↻ 蝴蝶谷大馬路,circular,1,38,Coloane + Macau Peninsula + Taipa & Cotai,True,True
N6,澳門大學 ↻ 科技大學,circular,1,30,Taipa & Cotai,False,False
