code,nameCht,namePor,parentCode,lat,lng,zone,stop_code,n_routes,n_route_dir,n_records,nn_dist_m
M1_2,關閘總站,PORTAS DO CERCO / TERMINAL,M1,22.215002,113.549331,Macau Peninsula,M1_2,1,2,2,8.684770946514938
M1_4,關閘總站,PORTAS DO CERCO / TERMINAL,M1,22.215016,113.549248,Macau Peninsula,M1_4,1,1,1,8.684770946514938
M1_5,關閘總站,PORTAS DO CERCO / TERMINAL,M1,22.215159,113.54923,Macau Peninsula,M1_5,1,2,2,16.008472519880147
M1_6,關閘總站,PORTAS DO CERCO / TERMINAL,M1,22.21486,113.549034,Macau Peninsula,M1_6,1,1,1,19.467923734466652
M1_9,關閘總站,PORTAS DO CERCO / TERMINAL,M1,22.215421,113.549137,Macau Peninsula,M1_9,2,3,4,30.665742766692237
M1_11,關閘總站,PORTAS DO CERCO / TERMINAL,M1,22.215217,113.548907,Macau Peninsula,M1_11,1,2,2,9.554426793301323
M1_12,關閘總站,PORTAS DO CERCO / TERMINAL,M1,22.21503,113.548874,Macau Peninsula,M1_12,1,1,2,17.036038985152544
M1_13,關閘總站,PORTAS DO CERCO / TERMINAL,M1,22.214879,113.548846,Macau Peninsula,M1_13,1,1,1,9.556470227634671
M1_14,關閘總站,PORTAS DO CERCO / TERMINAL,M1,22.215196,113.548817,Macau Peninsula,M1_14,2,2,2,9.554426793301323
M1_16,關閘總站,PORTAS DO CERCO / TERMINAL,M1,22.214896,113.548755,Macau Peninsula,M1_16,1,2,2,9.556470227634671
M1_18,關閘總站,PORTAS DO CERCO / TERMINAL,M1,22.214955,113.548675,Macau Peninsula,M1_18,1,1,2,10.529018063898125
M2_1,東方明珠總站,PÉROLA ORIENTAL / TERMINAL,M2,22.210456,113.556993,Macau Peninsula,M2_1,4,5,7,172.32762362877102
M3_1,媽閣交通樞紐,CENTRO MODAL DE TRANSPORTES DA BARRA,M3,22.183887,113.530029,Macau Peninsula,M3_1,2,4,4,14.960121811895801
M3_2,媽閣交通樞紐,CENTRO MODAL DE TRANSPORTES DA BARRA,M3,22.184021,113.530042,Macau Peninsula,M3_2,3,5,6,14.960121811895801
M3_3,媽閣交通樞紐,CENTRO MODAL DE TRANSPORTES DA BARRA,M3,22.184159,113.530055,Macau Peninsula,M3_3,2,2,4,12.3944934758333
M3_4,媽閣交通樞紐,CENTRO MODAL DE TRANSPORTES DA BARRA,M3,22.18427,113.530066,Macau Peninsula,M3_4,3,6,6,12.3944934758333
M4_1,鄭觀應公立學校,ESCOLA OFICIAL ZHENG GUANYING,M4,22.213655,113.54491,Macau Peninsula,M4_1,2,2,2,35.15411676137476
M4_2,鄭觀應公立學校,ESCOLA OFICIAL ZHENG GUANYING,M4,22.213638,113.545251,Macau Peninsula,M4_2,5,5,5,35.15411676137476
M5_1,街總社區服務大樓,UNIÃO G. DAS ASSOCIAÇÕES DOS MORADORES,M5,22.213255,113.544048,Macau Peninsula,M5_1,2,2,2,99.25928366742609
M6_1,青茂/鴨涌河變電站,QINGMAO / SUBESTAÇÃO CANAL DOS PATOS,M6,22.212608,113.540464,Macau Peninsula,M6_1,3,3,3,76.30379876247908
M7_1,關閘馬路,ISTMO F.AMARAL,M7,22.212787,113.54864,Macau Peninsula,M7_1,2,2,2,24.793888451719816
M7_2,關閘馬路,ISTMO F.AMARAL,M7,22.212566,113.548608,Macau Peninsula,M7_2,2,2,2,24.793888451719816
M7_3,關閘馬路,ISTMO F.AMARAL,M7,22.21231,113.54857,Macau Peninsula,M7_3,2,2,2,28.73342955917539
M8_1,巴波沙大馬路,AV. ARTUR DE TAMAGNINI BARBOSA,M8,22.212753,113.547588,Macau Peninsula,M8_1,4,4,4,4.458505760411211
M8_2,巴波沙大馬路,AV. ARTUR DE TAMAGNINI BARBOSA,M8,22.212793,113.547591,Macau Peninsula,M8_2,7,7,7,4.458505760411211
M9_1,關閘廣場,PRAÇA DAS PORTAS DO CERCO,M9,22.214866,113.549449,Macau Peninsula,M9_1,4,5,5,19.39694029668562
M10_1,台山街市,MERCADO TAMAG. BARBOSA,M10,22.210444,113.546125,Macau Peninsula,M10_1,10,10,10,11.105305599262067
M10_2,台山街市,MERCADO TAMAG. BARBOSA,M10,22.210432,113.546243,Macau Peninsula,M10_2,9,9,9,7.259816000652484
M11_1,拱形馬路/蓮峰廟,EST. ARCO / TEMPLO LIN FUNG,M11,22.210161,113.548326,Macau Peninsula,M11_1,7,7,7,48.18304734259208
M12_1,北區警司處,COMISSARIADO DA ZONA NORTE,M12,22.210377,113.546205,Macau Peninsula,M12_1,12,12,12,7.259816000652484
M13_1,李寶椿街,RUA LEI POU CHON,M13,22.212209,113.54595,Macau Peninsula,M13_1,1,1,1,66.20400487168006
M13_2,李寶椿街,RUA LEI POU CHON,M13,22.212174,113.546592,Macau Peninsula,M13_2,1,1,1,66.20400487168006
M14_1,蓮峰游泳池,PISCINA LIM FUNG,M14,22.207795,113.546059,Macau Peninsula,M14_1,5,5,5,109.82374729348872
M15_1,台山中街,RUA CENTRAL DE T'OI SÁN,M15,22.211447,113.545023,Macau Peninsula,M15_1,1,1,1,127.61612168455984
M16_1,提督馬路/雅廉訪,AV. ALM. LACERDA / OUVIDOR ARRIAGA,M16,22.206635,113.545461,Macau Peninsula,M16_1,9,9,9,28.228238558318203
M16_2,提督馬路/雅廉訪,AV. ALM. LACERDA / OUVIDOR ARRIAGA,M16,22.206413,113.545328,Macau Peninsula,M16_2,11,11,11,28.228238558318203
M18_1,牧場街總站,Rua dos Currais / TERMINAL,M18,22.215176,113.546675,Macau Peninsula,M18_1,2,2,4,15.067190472653278
M18_3,牧場街總站,Rua dos Currais / TERMINAL,M18,22.215343,113.54658,Macau Peninsula,M18_3,1,1,2,13.214101352085786
M18_5,牧場街總站,Rua dos Currais / TERMINAL,M18,22.215309,113.546703,Macau Peninsula,M18_5,1,1,2,12.480275060859816
M18_7,牧場街總站,Rua dos Currais / TERMINAL,M18,22.215417,113.546736,Macau Peninsula,M18_7,1,2,2,12.480275060859816
M18_10,牧場街總站,Rua dos Currais / TERMINAL,M18,22.215536,113.546797,Macau Peninsula,M18_10,2,2,2,14.64655968924986
M19_1,白朗古將軍馬路,AV. GEN. CASTELO BRANCO,M19,22.209335,113.544792,Macau Peninsula,M19_1,6,6,6,29.732194007188653
M20_2,青洲坊總站,BAIRRO DA ILHA VERDE / TERMINAL,M20,22.211952,113.54371,Macau Peninsula,M20_2,1,2,2,19.697848884975876
M20_3,青洲坊總站,BAIRRO DA ILHA VERDE / TERMINAL,M20,22.211887,113.543532,Macau Peninsula,M20_3,3,3,4,10.961817917613647
M20_5,青洲坊總站,BAIRRO DA ILHA VERDE / TERMINAL,M20,22.21179,113.543513,Macau Peninsula,M20_5,1,1,2,10.961817917613647
M20_6,青洲坊總站,BAIRRO DA ILHA VERDE / TERMINAL,M20,22.21175,113.543755,Macau Peninsula,M20_6,1,1,2,22.93410133384825
M21_1,青洲/嘉應花園,CONS. BORJA / KA IENG,M21,22.210686,113.543569,Macau Peninsula,M21_1,2,2,2,4.257175623959434
M21_2,青洲/嘉應花園,CONS. BORJA / KA IENG,M21,22.210691,113.543528,Macau Peninsula,M21_2,9,9,9,4.257175623959434
M22_1,青洲/聖德蘭學校,CONS. BORJA / ESCOLA S. TERESA,M22,22.210937,113.541906,Macau Peninsula,M22_1,12,12,12,69.64406301650111
M24_1,青洲/聖若瑟中學,CONS. BORJA / COLÉGIO S. JOSÉ,M24,22.21109,113.540088,Macau Peninsula,M24_1,3,3,3,8.305917553374728
M25_1,青洲/自來水公司,ILHA VERDE / S.A.A.M.,M25,22.211152,113.540043,Macau Peninsula,M25_1,5,5,5,8.305917553374728
M26_1,筷子基總站,FAI CHI KEI / TERMINAL,M26,22.208334,113.543538,Macau Peninsula,M26_1,1,1,1,15.360769556005803
M26_2,筷子基總站,FAI CHI KEI / TERMINAL,M26,22.208466,113.543494,Macau Peninsula,M26_2,1,1,2,15.360769556005803
M26_3,筷子基總站,FAI CHI KEI / TERMINAL,M26,22.208736,113.543404,Macau Peninsula,M26_3,1,1,2,31.419751995884468
M26_4,筷子基總站,FAI CHI KEI / TERMINAL,M26,22.209166,113.543261,Macau Peninsula,M26_4,1,1,2,50.02874527413699
M27_1,關閘馬路/三角花園,ISTMO F. AMARAL / JARDIM TRIANGULAR,M27,22.210711,113.548525,Macau Peninsula,M27_1,5,5,5,25.85115256222424
M28_1,黑沙環馬路,EST. AREIA PRETA,M28,22.208041,113.549766,Macau Peninsula,M28_1,10,10,10,9.213661104746368
M28_2,黑沙環馬路,EST. AREIA PRETA,M28,22.20812,113.549739,Macau Peninsula,M28_2,5,5,5,9.213661104746368
M29_1,慕拉士馬路,AV. VENCESLAU DE MORAIS,M29,22.208519,113.550256,Macau Peninsula,M29_1,6,6,6,52.09184839447318
M30_1,黑沙環第五街,RUA CINCO / AREIA PRETA,M30,22.208447,113.550756,Macau Peninsula,M30_1,4,4,4,52.09184839447318
M31_1,白朗古/跑狗場,GEN. C. BRANCO / CANÍDROMO,M31,22.209177,113.545025,Macau Peninsula,M31_1,6,6,6,29.732194007188653
M32_2,望廈總站,MONG HÁ / TERMINAL,M32,22.206958,113.551317,Macau Peninsula,M32_2,1,1,2,9.126033730277566
M32_4,望廈總站,MONG HÁ / TERMINAL,M32,22.206889,113.551269,Macau Peninsula,M32_4,1,1,2,9.126033730277566
M33_1,俾利喇/望德樓,XAVIER PEREIRA / EDF. MONG TAK,M33,22.207392,113.550903,Macau Peninsula,M33_1,4,4,4,64.38444171481588
M35_1,慕拉士馬路/望善樓,VENC. MORAIS / EDF. MONG SIN,M35,22.206661,113.552476,Macau Peninsula,M35_1,5,5,5,15.651925897747734
M35_2,慕拉士馬路/望善樓,VENC. MORAIS / EDF. MONG SIN,M35,22.206831,113.552267,Macau Peninsula,M35_2,4,4,4,28.64026935753579
M36_1,慕拉士巷,TRAV. VENC. MORAIS,M36,22.206633,113.552625,Macau Peninsula,M36_1,2,2,2,13.371083073163039
M36_2,慕拉士巷,TRAV. VENC. MORAIS,M36,22.206551,113.55272,Macau Peninsula,M36_2,9,9,9,13.371083073163039
M38_1,望賢樓,EDF. MONG IN,M38,22.20576,113.549558,Macau Peninsula,M38_1,4,4,4,16.50181710874626
M39_1,澳廣視,TDM,M39,22.205907,113.54958,Macau Peninsula,M39_1,6,6,6,16.50181710874626
M40_1,福海花園,RAMPA CAVALEIROS,M40,22.205677,113.551348,Macau Peninsula,M40_1,1,1,1,135.01342450859957
M43_1,螺絲山公園,JARDIM MONTANHA RUSSA,M43,22.203151,113.551861,Macau Peninsula,M43_1,1,1,1,63.72102708605579
M45_1,荷蘭園/栢蕙,CONS.F.ALMEIDA / PAK WAI,M45,22.202862,113.550374,Macau Peninsula,M45_1,3,3,3,143.86888390415496
M46_1,鮑思高球場,COR. MESQUITA / D. BOSCO,M46,22.202589,113.55174,Macau Peninsula,M46_1,4,4,4,29.92072721330738
M46_2,鮑思高球場,COR. MESQUITA / D. BOSCO,M46,22.20241,113.551957,Macau Peninsula,M46_2,6,6,6,29.92072721330738
M47_2,新雅馬路/母親會,EST. BELA VISTA / OBRA DAS MÃES,M47,22.203229,113.553047,Macau Peninsula,M47_2,7,7,7,122.40609096787976
M48_1,慕拉士/飛通大廈,VENCESLAU MORAIS / EDF.AIRWAY,M48,22.205172,113.554391,Macau Peninsula,M48_1,11,11,11,106.40704012998272
M50_1,勞動節大馬路/廣華,AV1。DEMAIO / KWONG WA,M50,22.207798,113.557519,Macau Peninsula,M50_1,6,6,6,128.8216403794094
M51_1,東北大馬路/廣華,AV. NORDESTE / KWONG WA,M51,22.207695,113.556188,Macau Peninsula,M51_1,8,8,8,131.1882897827907
M52_1,漁翁街/勞工事務局,RUA DOS PESCADORES / DSAL,M52,22.204754,113.559992,Macau Peninsula,M52_1,8,8,8,10.669466619868492
M53_1,水塘北角/勞工事務局,R BEND / DSAL,M53,22.204693,113.559912,Macau Peninsula,M53_1,9,9,9,10.669466619868492
M54_1,電力公司,CEM,M54,22.203879,113.554352,Macau Peninsula,M54_1,6,6,6,143.83108989046687
M55_1,東北大馬路/南澳,AV. NORDESTE / NAM OU,M55,22.206123,113.554506,Macau Peninsula,M55_1,6,6,6,106.40704012998272
M59_1,荷蘭花園,CONS.F.ALMEIDA / HOLLAND GARDEN,M59,22.201624,113.549411,Macau Peninsula,M59_1,5,5,5,104.50518743838906
M60_1,青茂/何賢紳士馬路,QINGMAO / AV. DO COMENDADOR HO YIN,M60,22.211438,113.5415,Macau Peninsula,M60_1,6,6,6,52.96855160187427
M61_1,二龍喉公園,JARDIM FLORA,M61,22.200951,113.550751,Macau Peninsula,M61_1,6,6,6,7.85804725891198
M61_2,二龍喉公園,JARDIM FLORA,M61,22.200904,113.550694,Macau Peninsula,M61_2,10,10,10,7.85804725891198
M62_1,回力,JAI ALAI,M62,22.19594,113.555204,Macau Peninsula,M62_1,2,2,2,23.762802475689224
M62_2,回力,JAI ALAI,M62,22.196114,113.555338,Macau Peninsula,M62_2,1,2,2,23.762802475689224
M62_3,回力,JAI ALAI,M62,22.19656,113.555191,Macau Peninsula,M62_3,1,1,2,51.85082580857937
M63_1,紀念孫中山公園,PARQUE M. DR. SUN YAT SEN,M63,22.215371,113.545306,Macau Peninsula,M63_1,4,4,4,131.1835911144638
M64_1,黑沙環新街/南華,R. NOVA AREIA PRETA / NAM WA,M64,22.206324,113.557092,Macau Peninsula,M64_1,7,7,7,169.69378012198524
M65_1,青茂/青洲坊,QINGMAO / BAIRRO DA ILHA VERDE,M65,22.211733,113.541904,Macau Peninsula,M65_1,4,4,4,52.96855160187427
M66_1,水塘馬路,EST. DO RESERVATÓRIO,M66,22.199732,113.554654,Macau Peninsula,M66_1,1,1,1,357.0169523070211
M67_1,青茂口岸,POSTO FRONTEIRIÇO QINGMAO,M67,22.21326,113.54279,Macau Peninsula,M67_1,3,3,3,129.50271694009666
M68_1,葡京路,AV. LISBOA,M68,22.190412,113.543901,Macau Peninsula,M68_1,2,2,2,109.93981619762066
M69_1,葡京酒店,HOTEL LISBOA,M69,22.1892,113.544779,Macau Peninsula,M69_1,8,8,8,6.96254539793651
M69_2,葡京酒店,HOTEL LISBOA,M69,22.189225,113.544841,Macau Peninsula,M69_2,9,9,9,6.96254539793651
M70_1,澳門理工大學,UNIVERSIDADE POLITÉCNICA DE MACAU,M70,22.193406,113.551966,Macau Peninsula,M70_1,10,10,10,56.1309715876256
M71_1,廈門街/澳門理工大學,RUA DE XIAMEN / U.P.M.,M71,22.193117,113.551519,Macau Peninsula,M71_1,11,11,11,56.1309715876256
M72_1,陳瑞祺中學,EST. VITÓRIA / ESC. CHAN SUI KI,M72,22.198504,113.549041,Macau Peninsula,M72_1,2,2,2,86.09754461769923
M73_1,得勝花園,JARDIM DA VITÓRIA,M73,22.199441,113.548956,Macau Peninsula,M73_1,7,7,7,36.72470315560918
M73_2,得勝花園,JARDIM DA VITÓRIA,M73,22.199211,113.5487,Macau Peninsula,M73_2,7,7,7,36.72470315560918
M75_1,高美士中葡中學,ESCOLA S. LUSO-CHINESA DE L.G. GOMES,M75,22.198708,113.547713,Macau Peninsula,M75_1,2,2,2,75.29544034582504
M76_1,盧廉若公園,JARDIM LOU LIM IOC,M76,22.200022,113.548169,Macau Peninsula,M76_1,5,5,5,20.544879352451485
M76_2,盧廉若公園,JARDIM LOU LIM IOC,M76,22.200173,113.548284,Macau Peninsula,M76_2,8,8,8,20.544879352451485
M77_1,羅利老馬路,ADOLFO LOUREIRO,M77,22.200305,113.547126,Macau Peninsula,M77_1,1,1,1,80.10636094593222
M78_1,沙嘉都喇街,SACADURA CABRAL,M78,22.19947,113.546559,Macau Peninsula,M78_1,2,2,2,98.22293053441385
M81_1,歸僑總會,ASSOC GERAL DOS CHINESES ULTRAMARINOS,M81,22.200343,113.545255,Macau Peninsula,M81_1,2,2,2,81.95670327959911
M82_1,賈伯樂/沙嘉都喇,AL. COSTA CABRAL / SACADURA CABRAL,M82,22.20021,113.546038,Macau Peninsula,M82_1,1,1,1,81.95670327959911
M83_1,賈伯樂/培正,AL. COSTA CABRAL / ESC. PUI CHING,M83,22.201021,113.54704,Macau Peninsula,M83_1,2,2,2,80.10636094593222
M84_1,高士德/培正,HORTA E COSTA / ESC. PUI CHING,M84,22.201611,113.548396,Macau Peninsula,M84_1,6,6,6,2.417653861965293
M84_2,高士德/培正,HORTA E COSTA / ESC. PUI CHING,M84,22.201626,113.548379,Macau Peninsula,M84_2,6,6,6,2.417653861965293
M85_1,羅利老/得勝花園,ADOLFO LOUREIRO / JARDIM VITÓRIA,M85,22.199282,113.548101,Macau Peninsula,M85_1,1,1,1,62.17194208617066
M86_1,渡船街/俾利喇街,R. BARCA / R. XAVIER PEREIRA,M86,22.201717,113.545597,Macau Peninsula,M86_1,4,4,4,63.733389624928684
M87_1,連勝馬路,EST. COELHO AMARAL,M87,22.201305,113.54461,Macau Peninsula,M87_1,5,5,5,111.46253394856424
M88_1,高士德/賈伯樂,HORTA COSTA / COSTA CABRAL,M88,22.202173,113.547948,Macau Peninsula,M88_1,8,8,8,75.28855432343069
M90_1,雅廉花園,EDF. NGA LIM,M90,22.203162,113.548807,Macau Peninsula,M90_1,3,3,3,73.10401750616506
M91_1,高士德/亞利鴉架街,HORTA E COSTA / RUA MANUEL ARRIAGA,M91,22.20363,113.546144,Macau Peninsula,M91_1,7,7,7,42.71637547267985
M92_1,俾利喇/高士德,XAVIER PEREIRA / HORTA E COSTA,M92,22.203206,113.547304,Macau Peninsula,M92_1,8,8,8,101.47739487617476
M93_1,海擎天總站,THE PRAIA / TERMINAL,M93,22.205692,113.541625,Macau Peninsula,M93_1,1,2,2,98.60753639261324
M94_1,沙梨頭南街/蘭花前地,RUA SUL DO PATANE / PRAÇA DAS ORQUIDEAS,M94,22.206201,113.543151,Macau Peninsula,M94_1,5,5,5,132.91902497560267
M95_2,沙梨頭北街/筷子基北灣,RUA NORTE DO PATANE / BACIA NORTE DO PATANE,M95,22.208841,113.541755,Macau Peninsula,M95_2,1,1,1,5.905303645540371
M95_3,沙梨頭北街/筷子基北灣,RUA NORTE DO PATANE / BACIA NORTE DO PATANE,M95,22.208892,113.541739,Macau Peninsula,M95_3,5,7,10,5.905303645540371
M96_1,連勝馬路/高士德,EST. C. AMARAL / HORTA E COSTA,M96,22.203605,113.545106,Macau Peninsula,M96_1,4,4,4,93.28443710559893
M97_1,雅廉訪/俾利喇,OUVIDOR ARRIAGA / XAVIER PEREIRA,M97,22.203536,113.548223,Macau Peninsula,M97_1,2,2,2,73.10401750616506
M98_1,高士德/連勝,HORTA COSTA / COELHO DO AMARAL,M98,22.203958,113.545928,Macau Peninsula,M98_1,8,8,8,42.71637547267985
M99_1,高士德/紅街市,HORTA COSTA / MERCADO VERMELHO,M99,22.204919,113.544681,Macau Peninsula,M99_1,4,4,4,72.76481571634709
M100_1,水坑尾/高可寧大宅,CAMPO / MANSÃO DO KOU HO NENG,M100,22.19436,113.543809,Macau Peninsula,M100_1,2,2,2,16.01149105125506
M101_1,幸運閣,OUVIDOR ARRIAGA / FORTUNA,M101,22.204187,113.547566,Macau Peninsula,M101_1,3,3,3,99.06999045200625
M102_1,船澳街,RUA DA DOCA SECA,M102,22.206914,113.54035,Macau Peninsula,M102_1,2,2,2,77.07294951498757
M103_1,聖方濟各老人院,ASILO S. FRANCISCO,M103,22.20458,113.548554,Macau Peninsula,M103_1,2,2,2,88.3359264034875
M104_1,觀音堂,TEMPLO KUN IAM,M104,22.204172,113.549821,Macau Peninsula,M104_1,6,6,6,56.89255832093183
M105_1,望廈炮台,FORTE MONG-HÁ,M105,22.205684,113.547982,Macau Peninsula,M105_1,5,5,5,121.04113645032464
M106_1,雅廉訪/聖心,OUVIDOR ARRIAGA / ESC. S. C. JESUS,M106,22.205369,113.546003,Macau Peninsula,M106_1,3,3,3,99.67377638905
M107_1,聖心學校,ESC. S. C. JESUS,M107,22.20585,113.54682,Macau Peninsula,M107_1,3,3,3,99.67377638905
M108_1,俾若翰街/綠楊花園,R. DO COMANDANTE JOÃO BELO / EDF. LOK YEUNG FA YUEN,M108,22.207449,113.540826,Macau Peninsula,M108_1,9,9,9,68.96429603677015
M108_3,俾若翰街/綠楊花園,R. DO COMANDANTE JOÃO BELO / EDF. LOK YEUNG FA YUEN,M108,22.207623,113.541469,Macau Peninsula,M108_3,1,1,1,68.96429603677015
M109_1,提督/高士德,ALMIRANTE LACERDA / HORTA E COSTA,M109,22.205016,113.543982,Macau Peninsula,M109_1,3,3,3,72.76481571634709
M110_1,渡船街/婦聯,RUA DA BARCA / ESC. FU LUN,M110,22.202275,113.544055,Macau Peninsula,M110_1,3,3,3,122.05857982972503
M111_1,昌明花園,JARDIM CHEONG MENG,M111,22.204431,113.543222,Macau Peninsula,M111_1,7,7,7,30.217707298379146
M112_1,沙梨頭/華寶工業大廈,RIBEIRA DO PATANE / EDF. INDUSTRIAL WA POU,M112,22.202624,113.538659,Macau Peninsula,M112_1,10,10,10,160.13590048161478
M113_1,提督/紅街市,ALM. LACERDA / MERCADO VERMELHO,M113,22.204657,113.543385,Macau Peninsula,M113_1,7,7,7,30.217707298379146
M114_1,沙梨頭海邊街,R. RIBEIRA PATANE,M114,22.20307,113.540138,Macau Peninsula,M114_1,6,6,6,160.13590048161478
M116_1,亞利鴉架街,RUA MANUEL ARRIAGA,M116,22.202287,113.545662,Macau Peninsula,M116_1,2,2,2,63.733389624928684
M117_1,羅理基/馬六甲街,AV. R. RODRIGUES / RUA MALACA,M117,22.19623,113.552731,Macau Peninsula,M117_1,6,6,6,120.98605718462122
M118_1,高美士/馬六甲街停車場,GONZAGA GOMES / AUTO-SILO DA RUA DE MALACA,M118,22.195713,113.553765,Macau Peninsula,M118_1,3,3,3,3.3795875314390393
M118_2,高美士/馬六甲街停車場,GONZAGA GOMES / AUTO-SILO DA RUA DE MALACA,M118,22.195739,113.553782,Macau Peninsula,M118_2,7,7,7,3.3795875314390393
M119_1,永樂戲院,CINEMA ALEGRIA,M119,22.201657,113.543029,Macau Peninsula,M119_1,4,4,4,126.01338172381915
M120_2,筷子基街/廣大中學,RUA DE FÁI CHI KEI / ESCOLA KWONG TAI,M120,22.205932,113.539044,Macau Peninsula,M120_2,1,2,2,121.96786379353873
M121_1,連勝/鏡湖醫院,C. AMARAL / HOSPITAL KIANG WU,M121,22.199711,113.542395,Macau Peninsula,M121_1,7,7,7,124.27036593844923
M123_1,東南小學,ALM.COSTA CABRAL / ESC. TONG NAM,M123,22.198465,113.543888,Macau Peninsula,M123_1,1,1,1,83.0858624749296
M124_1,白鴿巢總站,JARDIM CAMÕES / TERMINAL,M124,22.199301,113.539424,Macau Peninsula,M124_1,1,1,2,12.624434466885823
M125_1,栢港停車場,AUTO-SILO PAK KONG,M125,22.197712,113.536755,Macau Peninsula,M125_1,12,12,12,34.892489518409896
M126_1,林茂/信譽灣畔,LAM MAU / LA MAGNÍFÍCENCE,M126,22.204514,113.539827,Macau Peninsula,M126_1,2,2,2,37.68188585623456
M127_1,海邊新街,R. DO GUIMARÃES,M127,22.200661,113.537479,Macau Peninsula,M127_1,12,12,12,66.73719484022033
M128_1,林茂/澳門遊艇會,LAM MAU / CLUBE NÁUTICO DE MACAU,M128,22.204518,113.539461,Macau Peninsula,M128_1,4,4,4,37.68188585623456
M129_1,沙梨頭街市,MERCADO DE PATANE,M129,22.201256,113.537564,Macau Peninsula,M129_1,9,9,9,66.73719484022033
M130_1,林茂/運順新邨,LAM MAU / VAN SION SON CHUN,M130,22.20521,113.542429,Macau Peninsula,M130_1,1,1,1,98.60753639261324
M131_1,十月初五街,R. CINCO OUTUBRO,M131,22.197951,113.537789,Macau Peninsula,M131_1,1,1,1,102.26667004370458
M132_1,十六浦,PONTE 16,M132,22.197371,113.536586,Macau Peninsula,M132_1,8,8,8,6.980048958876754
M132_2,十六浦,PONTE 16,M132,22.197432,113.536602,Macau Peninsula,M132_2,8,8,8,6.980048958876754
M133_1,草堆街,RUA DAS ESTALAGENS,M133,22.196285,113.539159,Macau Peninsula,M133_1,1,1,1,153.37671925577533
M134_1,新馬路/永亨,ALMEIDA RIBEIRO / WENG HANG,M134,22.193897,113.539178,Macau Peninsula,M134_1,11,11,11,139.92682776657654
M135_1,新馬路/大豐,ALMEIDA RIBEIRO / TAI FUNG,M135,22.194846,113.538261,Macau Peninsula,M135_1,3,3,3,1.6669347870186624
M135_2,新馬路/大豐,ALMEIDA RIBEIRO / TAI FUNG,M135,22.194835,113.538272,Macau Peninsula,M135_2,9,9,9,1.6669347870186624
M136_1,粵通碼頭,PONTE CAIS N.14,M136,22.195579,113.536286,Macau Peninsula,M136_1,8,8,8,12.10192479801761
M136_2,粵通碼頭,PONTE CAIS N.14,M136,22.195477,113.536245,Macau Peninsula,M136_2,5,5,5,12.10192479801761
M137_1,內港客運碼頭,TERMINAL MARÍTIMO DE PASSAGEIROS DO PORTO INTERIOR,M137,22.194395,113.53563,Macau Peninsula,M137_1,8,8,8,41.186630625123605
M137_2,內港客運碼頭,TERMINAL MARÍTIMO DE PASSAGEIROS DO PORTO INTERIOR,M137,22.194738,113.535781,Macau Peninsula,M137_2,5,5,5,41.186630625123605
M138_1,司打口總站,PRAÇA PONTE HORTA / TERMINAL,M138,22.193381,113.535114,Macau Peninsula,M138_1,1,1,2,25.764259324816468
M139_1,司打口,PRAÇA PONTE HORTA,M139,22.193541,113.535295,Macau Peninsula,M139_1,5,5,5,8.268644925029932
M139_2,司打口,PRAÇA PONTE HORTA,M139,22.193607,113.535332,Macau Peninsula,M139_2,11,11,11,8.268644925029932
M140_1,河邊新街/李道巷,ALM. SERGIO / TRAV. LIDO,M140,22.192265,113.534528,Macau Peninsula,M140_1,5,5,5,5.332526091957636
M140_2,河邊新街/李道巷,ALM. SERGIO / TRAV. LIDO,M140,22.192307,113.534553,Macau Peninsula,M140_2,9,9,9,5.332526091957636
M141_1,營地大街,RUA DOS MERCADORES,M141,22.195122,113.53996,Macau Peninsula,M141_1,1,1,1,153.37671925577533
M142_1,金碧文娛中心,KAM PEK COMMUNITY CENTRE,M142,22.195647,113.537343,Macau Peninsula,M142_1,9,9,9,78.59231438681891
M143_1,新馬路/爐石塘,ALMEIDA RIBEIRO / RUA CAMILO PESSANHA,M143,22.19518,113.537916,Macau Peninsula,M143_1,4,4,4,51.390320978382206
M144_1,水坑尾/天神巷,CAMPO / TRAVESSA DOS ANJOS,M144,22.193509,113.543364,Macau Peninsula,M144_1,2,2,2,27.13234347557387
M144_2,水坑尾/天神巷,CAMPO / TRAVESSA DOS ANJOS,M144,22.193753,113.543366,Macau Peninsula,M144_2,5,5,5,3.246535772618326
M144_3,水坑尾/天神巷,CAMPO / TRAVESSA DOS ANJOS,M144,22.19378,113.543378,Macau Peninsula,M144_3,5,5,5,3.246535772618326
M145_1,愕斜巷/山頂醫院,CALÇADA DA SURPRESA / HOSPITAL S. JANUÁRIO,M145,22.194581,113.545914,Macau Peninsula,M145_1,2,2,2,21.778135078027685
M145_2,愕斜巷/山頂醫院,CALÇADA DA SURPRESA / HOSPITAL S. JANUÁRIO,M145,22.194423,113.545789,Macau Peninsula,M145_2,1,1,1,21.778135078027685
M146_1,水坑尾/方圓廣場,R. CAMPO / VICKY PLAZA,M146,22.194407,113.543956,Macau Peninsula,M146_1,4,4,4,16.01149105125506
M147_1,山頂醫院總站,HOSPITAL S. JANUÁRIO / TERMINAL,M147,22.194129,113.546249,Macau Peninsula,M147_1,2,2,3,57.54721503581116
M148_1,東望洋斜巷,CALÇADA DA GUIA,M148,22.195913,113.546489,Macau Peninsula,M148_1,2,2,2,99.0755088949062
M149_1,粵華中學,YUET WAH COLLEGE,M149,22.19723,113.547905,Macau Peninsula,M149_1,2,2,2,80.07196044783254
M150_1,得勝斜路,CALÇADA DA VITÓRIA,M150,22.196007,113.548299,Macau Peninsula,M150_1,3,3,3,141.91231984757974
M151_1,山頂醫院急診大樓,URGÊNCIAS DO HOSPITAL S. JANUÁRIO,M151,22.194048,113.547281,Macau Peninsula,M151_1,6,6,7,106.63211692642919
M152_1,塔石廣場,PRAÇA DO TAP SEAC,M152,22.197672,113.547291,Macau Peninsula,M152_1,4,4,4,80.07196044783254
M153_1,水坑尾/公共行政大樓,R. CAMPO / EDF. ADMIN. PÚBLICA,M153,22.194115,113.543734,Macau Peninsula,M153_1,8,8,8,9.535803599006671
M153_2,水坑尾/公共行政大樓,R. CAMPO / EDF. ADMIN. PÚBLICA,M153,22.194184,113.543789,Macau Peninsula,M153_2,6,6,6,9.535803599006671
M154_1,友誼馬路/海景花園,AV.AMIZADE / PRACETA DE MIRAMAR,M154,22.19214,113.552336,Macau Peninsula,M154_1,1,1,1,137.39594052960385
M155_1,東方拱門,ARCO ORIENTE,M155,22.193858,113.549843,Macau Peninsula,M155_1,13,13,13,137.8678479989496
M156_1,高美士/南園大廈,GONZAGA GOMES / NAM YUET,M156,22.19263,113.550234,Macau Peninsula,M156_1,2,2,2,6.074455162601797
M157_1,治安警察局,C. P. S. P.,M157,22.191928,113.546722,Macau Peninsula,M157_1,3,3,3,13.201773680212675
M157_2,治安警察局,C. P. S. P.,M157,22.191864,113.546614,Macau Peninsula,M157_2,11,11,11,13.201773680212675
M158_1,北京街/假日酒店,RUA DE PEQUIM / HOLIDAY INN,M158,22.191715,113.547667,Macau Peninsula,M158_1,5,5,5,5.61939879123011
M158_2,北京街/假日酒店,RUA DE PEQUIM / HOLIDAY INN,M158,22.191733,113.547718,Macau Peninsula,M158_2,7,7,7,5.61939879123011
M159_1,總統酒店,AV. AMIZADE / HOTEL PRESIDENTE,M159,22.190085,113.546917,Macau Peninsula,M159_1,9,9,9,110.55899719037536
M160_1,十月一號前地,PRACETA DE 1 DE OUTUBRO,M160,22.190862,113.546247,Macau Peninsula,M160_1,11,11,11,6.766041668586444
M160_2,十月一號前地,PRACETA DE 1 DE OUTUBRO,M160,22.190919,113.546224,Macau Peninsula,M160_2,8,8,8,6.766041668586444
M161_1,高美士/利澳,GONZAGA GOMES / RIO,M161,22.192659,113.550184,Macau Peninsula,M161_1,10,10,10,6.074455162601797
M162_1,中華廣場,CHINA PLAZA,M162,22.192692,113.542622,Macau Peninsula,M162_1,2,2,2,89.57611973006551
M163_1,賈羅布/葡京,LOPO S. CARVALHO / HOTEL LISBOA,M163,22.190456,113.545091,Macau Peninsula,M163_1,2,2,3,91.22824150523395
M164_1,加思欄馬路,S. FRANCISCO / QUARTEL,M164,22.191273,113.54501,Macau Peninsula,M164_1,6,6,6,91.22824150523395
M165_1,加思欄花園,JARDIM S. FRANCISCO,M165,22.192684,113.545202,Macau Peninsula,M165_1,5,5,5,136.66482036784444
M166_1,西坑街,RUA DA PENHA,M166,22.188527,113.535739,Macau Peninsula,M166_1,2,2,2,70.24897118509948
M167_1,南灣大馬路/時代,PRAIA GRANDE / SI TOI,M167,22.192606,113.541436,Macau Peninsula,M167_1,6,6,6,108.3782675389596
M168_1,八角亭,PRAIA GRANDE / JARDIM S. FRANCISCO,M168,22.192303,113.54394,Macau Peninsula,M168_1,10,10,10,109.05738190127155
M170_1,殷皇子馬路,AV.INFANTE D. HENRIQUE,M170,22.191621,113.541683,Macau Peninsula,M170_1,4,4,4,16.36378258987951
M170_2,殷皇子馬路,AV.INFANTE D. HENRIQUE,M170,22.191489,113.54182,Macau Peninsula,M170_2,9,9,9,20.3566918684839
M171_1,中區/殷皇子馬路,CENTRO / INFANTE D. HENRIQUE,M171,22.191578,113.541531,Macau Peninsula,M171_1,7,7,7,8.32449409568714
M171_2,中區/殷皇子馬路,CENTRO / INFANTE D. HENRIQUE,M171,22.191632,113.541475,Macau Peninsula,M171_2,7,7,7,8.32449409568714
M172_1,亞馬喇前地,PRAÇA FERREIRA AMARAL,M172,22.18925,113.543625,Macau Peninsula,M172_1,1,1,1,13.420609231086408
M172_2,亞馬喇前地,PRAÇA FERREIRA AMARAL,M172,22.189366,113.543589,Macau Peninsula,M172_2,5,5,5,12.667411875522893
M172_3,亞馬喇前地,PRAÇA FERREIRA AMARAL,M172,22.189476,113.543557,Macau Peninsula,M172_3,4,4,4,12.667411875522893
M172_4,亞馬喇前地,PRAÇA FERREIRA AMARAL,M172,22.189445,113.543378,Macau Peninsula,M172_4,2,2,2,6.297516584906523
M172_5,亞馬喇前地,PRAÇA FERREIRA AMARAL,M172,22.189353,113.543401,Macau Peninsula,M172_5,4,4,4,6.358156283630939
M172_6,亞馬喇前地,PRAÇA FERREIRA AMARAL,M172,22.189233,113.543428,Macau Peninsula,M172_6,1,1,1,13.629895011858368
M172_7,亞馬喇前地,PRAÇA FERREIRA AMARAL,M172,22.189331,113.543344,Macau Peninsula,M172_7,2,2,2,6.358156283630939
M172_8,亞馬喇前地,PRAÇA FERREIRA AMARAL,M172,22.189434,113.543318,Macau Peninsula,M172_8,4,4,6,6.297516584906523
M172_9,亞馬喇前地,PRAÇA FERREIRA AMARAL,M172,22.189399,113.543166,Macau Peninsula,M172_9,4,4,4,12.536806010399042
M172_10,亞馬喇前地,PRAÇA FERREIRA AMARAL,M172,22.189194,113.543236,Macau Peninsula,M172_10,3,3,3,10.835211935756828
M172_11,亞馬喇前地,PRAÇA FERREIRA AMARAL,M172,22.189142,113.543325,Macau Peninsula,M172_11,4,4,4,10.835211935756828
M172_12,亞馬喇前地,PRAÇA FERREIRA AMARAL,M172,22.189357,113.543053,Macau Peninsula,M172_12,2,2,2,12.536806010399042
M172_13,亞馬喇前地,PRAÇA FERREIRA AMARAL,M172,22.189244,113.543076,Macau Peninsula,M172_13,2,2,2,12.786230653008767
M172_14,亞馬喇前地,PRAÇA FERREIRA AMARAL,M172,22.189113,113.543174,Macau Peninsula,M172_14,2,2,2,10.305611760099156
M172_15,亞馬喇前地,PRAÇA FERREIRA AMARAL,M172,22.189117,113.543074,Macau Peninsula,M172_15,2,2,2,10.305611760099156
M172_16,亞馬喇前地,PRAÇA FERREIRA AMARAL,M172,22.188935,113.543132,Macau Peninsula,M172_16,13,13,13,20.259581763647578
M172_17,亞馬喇前地,PRAÇA FERREIRA AMARAL,M172,22.188991,113.543618,Macau Peninsula,M172_17,2,2,2,28.80850277475469
M173_1,約翰四世大馬路,AV. D. JOÃO IV,M173,22.191947,113.542953,Macau Peninsula,M173_1,6,6,6,16.396906832572125
M173_2,約翰四世大馬路,AV. D. JOÃO IV,M173,22.191849,113.542834,Macau Peninsula,M173_2,8,8,8,16.396906832572125
M174_1,海事及水務局,D. DOS S. DE A. MARÍTIMOS E DE ÁGUA,M174,22.187869,113.533014,Macau Peninsula,M174_1,2,2,2,121.01557370929746
M175_1,濠璟酒店,POUSADA RITZ,M175,22.186167,113.536093,Macau Peninsula,M175_1,2,2,2,34.17176166719024
M176_1,初級法院刑事大樓,EDF. DOS JUÍZOS CRIMINAIS DO TRIBUNAL JUDICIAL DE BASE,M176,22.184534,113.537573,Macau Peninsula,M176_1,5,5,5,210.93316871773726
M177_1,澳門旅遊塔,TORRE DE MACAU,M177,22.180376,113.537724,Macau Peninsula,M177_1,7,7,7,88.48263871151053
M178_1,立法會前地,PRAÇA DA ASSEMBLEIA LEGISLATIVA,M178,22.182975,113.539296,Macau Peninsula,M178_1,3,3,3,248.04126819540153
M179_1,巴掌圍,S. AGOSTINHO,M179,22.190608,113.538893,Macau Peninsula,M179_1,9,9,9,39.291864882288024
M180_1,風順堂街,RUA S. LOURENÇO,M180,22.190454,113.536523,Macau Peninsula,M180_1,4,4,4,223.3619968084736
M181_1,燒灰爐,P. LOBO ÁVILA,M181,22.188531,113.5377,Macau Peninsula,M181_1,10,10,10,193.2787725134667
M182_1,旅遊塔/行車隧道,TORRE / TÚNEL RODOVIÁRIOS,M182,22.180144,113.536902,Macau Peninsula,M182_1,2,2,2,47.599962093104715
M182_2,旅遊塔/行車隧道,TORRE / TÚNEL RODOVIÁRIOS,M182,22.179941,113.536495,Macau Peninsula,M182_2,1,1,1,47.599962093104715
M183_1,河邊新街/凱泉灣,ALM. SÉRGIO / RIVIERA MACAU,M183,22.190233,113.533216,Macau Peninsula,M183_1,3,3,3,8.558586343164917
M183_2,河邊新街/凱泉灣,ALM. SÉRGIO / RIVIERA MACAU,M183,22.190522,113.533405,Macau Peninsula,M183_2,9,9,9,31.12557219244816
M184_1,河邊新街/街市,ALM. SÉRGIO / MERCADO,M184,22.190262,113.533293,Macau Peninsula,M184_1,14,14,14,8.558586343164917
M185_1,凱泉灣總站,RIVIERA MACAU / TERMINAL,M185,22.190865,113.533086,Macau Peninsula,M185_1,1,2,2,50.332600635214604
M186_2,河邊新街/貨倉巷,ALM. SÉRGIO / TRV. DOS ARMAZÉNS,M186,22.189991,113.533056,Macau Peninsula,M186_2,3,3,3,31.55122309913417
M187_1,區華利前地,PRAÇA JORGE ALVARES,M187,22.190373,113.539178,Macau Peninsula,M187_1,9,9,9,39.291864882288024
M188_1,河邊新街/下環,ALMIRANTE SÉRGIO / PRAIA MANDUCO,M188,22.188679,113.532229,Macau Peninsula,M188_1,15,15,15,45.80982528394879
M189_1,下環街市,MERCADO DE S. LOURENÇO,M189,22.191196,113.534507,Macau Peninsula,M189_1,2,2,2,118.88703876260176
M190_1,河邊新街/媽閣,ALM. SÉRGIO / BARRA,M190,22.189073,113.532359,Macau Peninsula,M190_1,1,1,1,45.80982528394879
M191_1,亞婆井前地,LARGO DO LILAU,M191,22.18866,113.535072,Macau Peninsula,M191_1,2,2,2,70.24897118509948
M192_1,民國馬路,AV. REPÚBLICA,M192,22.18586,113.536108,Macau Peninsula,M192_1,5,5,5,26.546455277776506
M193_1,民國馬路/西灣湖,AV. REPÚBLICA / LAGO,M193,22.185766,113.535871,Macau Peninsula,M193_1,1,1,1,26.546455277776506
M194_1,西灣,AV. REPÚBLICA,M194,22.183104,113.533481,Macau Peninsula,M194_1,1,1,1,12.936517566461418
M195_1,西灣/大興大廈,AV. REPÚBLICA / TAI HENG,M195,22.182992,113.533447,Macau Peninsula,M195_1,3,3,3,12.936517566461418
M196_1,半邊橙,MEIA LARANJA,M196,22.181727,113.531447,Macau Peninsula,M196_1,1,1,1,79.22379005922218
M197_1,半邊橙/迅發花園,MEIA LARANJA / SON FAT,M197,22.182074,113.530775,Macau Peninsula,M197_1,3,3,3,79.22379005922218
M198_1,西灣湖景大馬路/媽閣碼頭,AV. PANORÂMICA DO LAGO SAI VAN / PONTE-CAIS DA BARRA,M198,22.186017,113.529688,Macau Peninsula,M198_1,5,5,5,8.12625020685249
M198_2,西灣湖景大馬路/媽閣碼頭,AV. PANORÂMICA DO LAGO SAI VAN / PONTE-CAIS DA BARRA,M198,22.18608,113.529728,Macau Peninsula,M198_2,12,12,12,8.12625020685249
M199_1,南灣湖景大馬路,AVENIDA PANORÂMICA DO LAGO NAM VAN,M199,22.186805,113.537922,Macau Peninsula,M199_1,8,8,8,193.2787725134667
M200_1,沙欄仔,RUA DO TARRAFEIRO,M200,22.198806,113.537423,Macau Peninsula,M200_1,5,5,5,102.26667004370458
M201_1,白鴿巢前地,PRAÇA LUÍS CAMÕES,M201,22.199194,113.539465,Macau Peninsula,M201_1,6,6,6,12.624434466885823
M202_1,南光大廈,EDF. Nam Kong,M202,22.192072,113.546752,Macau Peninsula,M202_1,2,2,2,16.30725845076754
M203_1,媽閣廟站,TEMPLO Á MA,M203,22.187032,113.531091,Macau Peninsula,M203_1,8,8,8,7.826706304504369
M203_2,媽閣廟站,TEMPLO Á MA,M203,22.18699,113.53103,Macau Peninsula,M203_2,8,8,8,7.826706304504369
M204_1,河邊新街/豐順新邨,ALM. SÉRGIO / FONG SON SAN CHUN,M204,22.18809,113.531662,Macau Peninsula,M204_1,1,1,1,87.73544975209482
M205_1,跨境工業區,PARQUE INDUSTRIAL TRANSFRONTEIRIÇO,M205,22.212083,113.534522,Macau Peninsula,M205_1,4,4,4,62.58352053157861
M206_2,黑沙環新街/建華,R. NOVA AREIA PRETA / EDF. KIN WA,M206,22.208506,113.55447,Macau Peninsula,M206_2,10,10,10,125.11151558493141
M207_1,馬場北大馬路,AV. NORTE DO HIPÓDROMO,M207,22.214072,113.553849,Macau Peninsula,M207_1,4,4,4,148.89316385549512
M208_1,青翠花園,EDF. CHENG CHOI,M208,22.209586,113.536897,Macau Peninsula,M208_1,4,4,4,64.19333126623796
M209_1,青洲總站,EST. ILHA VERDE / TERMINAL,M209,22.209354,113.536326,Macau Peninsula,M209_1,3,3,6,64.19333126623796
M209_2,青洲總站,EST. ILHA VERDE / TERMINAL,M209,22.210022,113.536125,Macau Peninsula,M209_2,3,3,3,77.106480071448
M210_1,青洲/美樂花園,EST. ILHA VERDE / EDF. MEI LOK GARDEN,M210,22.213228,113.537941,Macau Peninsula,M210_1,2,2,2,27.969445550898605
M211_1,青洲/鴨涌河,EST. ILHA VERDE / CANAL DOS PATOS,M211,22.213351,113.537704,Macau Peninsula,M211_1,6,6,6,27.969445550898605
M213_1,俾若翰街/快富樓,R. DO COMANDANTE JOÃO BELO / EDF. FAI FU,M213,22.206768,113.538277,Macau Peninsula,M213_1,1,1,2,121.96786379353873
M214_1,永寧廣場總站,AL. TRANQUILIDADE / TERMINAL,M214,22.213237,113.552415,Macau Peninsula,M214_1,4,4,4,109.42424251198932
M214_2,永寧廣場總站,AL. TRANQUILIDADE / TERMINAL,M214,22.212767,113.553525,Macau Peninsula,M214_2,2,2,2,75.60339485344805
M214_3,永寧廣場總站,AL. TRANQUILIDADE / TERMINAL,M214,22.212371,113.554122,Macau Peninsula,M214_3,2,2,2,12.241358325280475
M215_1,福泰工業大廈,EDF. IND. FÔK TAI,M215,22.208965,113.552807,Macau Peninsula,M215_1,2,2,2,62.6753506411311
M216_1,馬場東大馬路,AV. LESTE HIPÓDROMO,M216,22.211565,113.553773,Macau Peninsula,M216_1,4,4,4,87.68436512965712
M219_1,勞動節大馬路,AV. 1º DE MAIO,M219,22.209717,113.555169,Macau Peninsula,M219_1,5,5,5,10.350861506600282
M219_2,勞動節大馬路,AV. 1º DE MAIO,M219,22.209655,113.555244,Macau Peninsula,M219_2,8,8,8,10.350861506600282
M220_1,祐漢街市,MERCADO IAO HON,M220,22.211546,113.551907,Macau Peninsula,M220_1,3,3,3,13.179808457952166
M220_2,祐漢街市,MERCADO IAO HON,M220,22.211531,113.552034,Macau Peninsula,M220_2,10,10,10,13.179808457952166
M222_1,看台街,RUA DA TRIBUNA,M222,22.213174,113.550189,Macau Peninsula,M222_1,4,4,4,9.753588398584467
M222_2,看台街,RUA DA TRIBUNA,M222,22.213163,113.550283,Macau Peninsula,M222_2,4,4,4,9.753588398584467
M224_1,永康街/麗華,RUA DA SAÚDE / EDF. LAI WAH,M224,22.210001,113.551404,Macau Peninsula,M224_1,9,9,9,94.47026709276314
M225_1,看台街/騎士馬路,R. DA TRIBUNA / EST. DOS CAVALEIROS,M225,22.213248,113.549461,Macau Peninsula,M225_1,4,4,4,52.85620745254846
M226_1,勞動節街/中葡職業技術學校,R. 1 DE MAIO / ESCOLA LUSO-CHINESA TÉCNICO-PROFISSIONAL,M226,22.209815,113.554301,Macau Peninsula,M226_1,4,4,4,23.50967481881158
M227_1,長壽大馬路/勝意樓,AV. DA LONGEVIDADE / EDF. SENG YEE,M227,22.210639,113.550798,Macau Peninsula,M227_1,6,6,6,83.93509945102558
M228_1,祐漢第二街,RUA 2 IAO HON,M228,22.211525,113.550242,Macau Peninsula,M228_1,1,1,2,87.49199514628988
M229_1,三角花園,JARDIM TRIANGULAR,M229,22.210594,113.548308,Macau Peninsula,M229_1,3,3,3,25.85115256222424
M230_1,高利亞海軍上將/政府綜合服務大樓,ALM. MAGALHÃES CORREIA / CENTRO DE SERVIÇOS DA RAEM,M230,22.208404,113.552866,Macau Peninsula,M230_1,1,1,1,62.6753506411311
M231_1,馬場東大馬路/黑沙環衛生中心,AV. LESTE DO HIPÓDROMO / CENTRO DE SAÚDE DA AREIA PRETA,M231,22.212267,113.554161,Macau Peninsula,M231_1,3,3,3,12.241358325280475
M232_1,勞動節街/裕華,RUA 1 DE MAIO / EDF. U WA,M232,22.209611,113.554241,Macau Peninsula,M232_1,2,2,2,23.50967481881158
M233_1,東北大馬路/東華,AV. NORDESTE / TONG WA,M233,22.206821,113.555332,Macau Peninsula,M233_1,8,8,8,12.389401170473459
M234_1,東北大馬路/海濱,AV. NORDESTE / HOI PAN GARDEN,M234,22.206872,113.555225,Macau Peninsula,M234_1,5,5,5,12.389401170473459
M235_1,東北大馬路/保利達,AV. NORDESTE / POLY TEX,M235,22.208918,113.557199,Macau Peninsula,M235_1,9,9,9,128.8216403794094
M236_1,黑沙環中街/黑沙環衛生中心,R. CENTRAL DA AREIA PRETA / CENTRO DE SAÚDE DA AREIA PRETA,M236,22.211735,113.555045,Macau Peninsula,M236_1,7,7,7,108.53911793088967
M237_1,社會工作局,INSTITUTO DE ACÇÃO SOCIAL,M237,22.198035,113.544548,Macau Peninsula,M237_1,2,2,2,83.0858624749296
M238_1,黑沙環海邊馬路,EST. MARGINAL DAAREIA PRETA,M238,22.207554,113.553553,Macau Peninsula,M238_1,1,1,1,118.0470701951351
M239_1,外港碼頭,TERMINAL MARÍTIMO DE PASSAGEIROS DO PORTO EXTERIOR,M239,22.197568,113.557591,Macau Peninsula,M239_1,6,6,6,10.822433301044645
M239_2,外港碼頭,TERMINAL MARÍTIMO DE PASSAGEIROS DO PORTO EXTERIOR,M239,22.197547,113.557349,Macau Peninsula,M239_2,9,9,9,9.717885199334237
M239_3,外港碼頭,TERMINAL MARÍTIMO DE PASSAGEIROS DO PORTO EXTERIOR,M239,22.197475,113.557622,Macau Peninsula,M239_3,2,4,4,10.822433301044645
M239_4,外港碼頭,TERMINAL MARÍTIMO DE PASSAGEIROS DO PORTO EXTERIOR,M239,22.197467,113.557311,Macau Peninsula,M239_4,2,2,3,9.717885199334237
M241_1,金蓮花廣場,A PRAÇA FLOR DE LÓTUS,M241,22.194511,113.552933,Macau Peninsula,M241_1,11,11,11,158.14273078272
M242_1,友誼馬路/海港街,AV. AMIZADE / R. TERMINAL MARÍTIMO,M242,22.196036,113.555625,Macau Peninsula,M242_1,4,4,4,30.79470123455613
M243_1,何賢公園,JARDIM COMENDADOR HO YIN,M243,22.192626,113.548727,Macau Peninsula,M243_1,3,3,3,143.7076556585662
M244_1,中心街,R.DIREITA DO HIPÓDROMO,M244,22.212304,113.552077,Macau Peninsula,M244_1,10,10,10,86.0675855929043
M245_1,鏡湖醫院,HOSPITAL KIANG WU,M245,22.199081,113.543392,Macau Peninsula,M245_1,2,2,2,85.43602990882488
M246_1,永華街,RUA GRACIOSA,M246,22.210502,113.552621,Macau Peninsula,M246_1,5,5,5,129.3962946755265
M247_1,海上居,LA MARINA,M247,22.213373,113.555824,Macau Peninsula,M247_1,10,10,10,199.0096302394206
M248_1,關閘東側上落客區,ZONA P / PASSAGEIROS-ESTE P. DO CERCO,M248,22.215978,113.549825,Macau Peninsula,M248_1,6,9,12,94.08470156013028
M249_1,新口岸/馬德里街,NAPE / RUA DE MADRID,M249,22.187587,113.550964,Macau Peninsula,M249_1,6,6,6,105.4998074302979
M250_1,新口岸/柏嘉街,NAPE / RUA CIDADE DE BRAGA,M250,22.186907,113.550194,Macau Peninsula,M250_1,6,6,6,109.55650429329692
M251_1,捐血中心,CENTRO TRANSFUSÕES SANGUE,M251,22.188866,113.550403,Macau Peninsula,M251_1,9,9,9,57.9830354020363
M252_1,新口岸/科英布拉街,NAPE / RUA DE COIMBRA,M252,22.188419,113.550113,Macau Peninsula,M252_1,3,5,6,57.9830354020363
M253_1,宋玉生廣場/建興龍,AL. DR. C. D’ASSUMPÇÃO / KIN HENG LONG,M253,22.189126,113.551097,Macau Peninsula,M253_1,4,4,4,77.08147396486255
M254_1,友誼馬路/行車天橋,AV. AMIZADE / VIADUTO,M254,22.194852,113.554846,Macau Peninsula,M254_1,9,9,10,9.897180164135625
M254_2,友誼馬路/行車天橋,AV. AMIZADE / VIADUTO,M254,22.194779,113.554791,Macau Peninsula,M254_2,5,5,5,9.897180164135625
M255_1,馬六甲街,RUA DE MALACA,M255,22.195501,113.554645,Macau Peninsula,M255_1,3,3,3,75.07400098991266
M256_1,澳門文化中心,CENTRO CULTURAL DE MACAU,M256,22.18777,113.554264,Macau Peninsula,M256_1,7,7,7,19.894947084927157
M257_1,新口岸/文化中心,NAPE / CENTRO CULTURAL,M257,22.187596,113.554219,Macau Peninsula,M257_1,8,8,8,19.894947084927157
M258_1,宋玉生廣場/東南亞,AL. DR. C. D’ASSUMPÇÃO / TONG NAM AH,M258,22.188452,113.551385,Macau Peninsula,M258_1,4,4,4,80.5982957890874
M259_1,孫逸仙大馬路/金沙,AV. DR. SUN YAT-SEN / SANDS,M259,22.189935,113.55574,Macau Peninsula,M259_1,7,7,7,94.57965904915321
M261_1,約翰四世大馬路/馬統領街,AV.D.JOÃO IV / R. DO. COMANDANTE MATA E OLIVERIA,M261,22.191657,113.542478,Macau Peninsula,M261_1,3,3,3,42.41754400970158
M262_1,城市日大馬路/波爾圖街,AV.24 DE JUNHO / R.DO.PORTO,M262,22.187424,113.548638,Macau Peninsula,M262_1,11,11,11,85.28957474082213
M263_1,仙德麗街,RUA CIDADE DE SINTRA,M263,22.189172,113.546269,Macau Peninsula,M263_1,13,13,13,121.48162219676881
M264_1,勵庭海景酒店,HARBOURVIEW HOTEL,M264,22.189904,113.556658,Macau Peninsula,M264_1,8,8,8,94.57965904915321
M265_1,漁人碼頭會展中心,CENTRO DE CONVENÇÕES E EXPOSIÇÕES DA DOCA DOS PESCADORES,M265,22.194389,113.555208,Macau Peninsula,M265_1,5,5,5,61.02317086316596
M266_1,澳門科學館,CENTRO DE CIENCIA DE MACAU,M266,22.187106,113.556515,Macau Peninsula,M266_1,3,3,3,16.376566967387422
M266_2,澳門科學館,CENTRO DE CIENCIA DE MACAU,M266,22.186972,113.556581,Macau Peninsula,M266_2,2,2,2,16.376566967387422
M267_1,工業園街,R. DO PARQUE INDUSTRIAL,M267,22.211594,113.534823,Macau Peninsula,M267_1,4,5,6,62.58352053157861
M268_1,城市日前地,PRACETA 24 DE JUNHO,M268,22.187225,113.547838,Macau Peninsula,M268_1,7,7,7,85.28957474082213
M270_1,塔石體育館,PAVILHÃO POLIDESPORTIVO TAP SEAC,M270,22.197047,113.546772,Macau Peninsula,M270_1,3,3,3,34.48697888962694
M270_2,塔石體育館,PAVILHÃO POLIDESPORTIVO TAP SEAC,M270,22.196801,113.546568,Macau Peninsula,M270_2,10,10,10,34.48697888962694
M271_1,市政狗房,CANIL MUNICIPAL,M271,22.206894,113.546496,Macau Peninsula,M271_1,4,4,4,109.82374729348872
M272_1,愉景花園,SUNNY VIEW GARDEN,M272,22.204513,113.549409,Macau Peninsula,M272_1,5,5,5,56.89255832093183
M273_1,青茂/青葱大廈,QINGMAO / EDIFÍCIO CHENG CHONG,M273,22.212434,113.541181,Macau Peninsula,M273_1,3,3,3,76.30379876247908
M274_1,筷子基衛生中心,CENTRO DE SAÚDE FAI CHI KEI,M274,22.207954,113.544843,Macau Peninsula,M274_1,3,3,3,126.42508403543191
M276_1,馬場海邊馬路,EST. MARGINAL DO HIPÓDROMO,M276,22.210093,113.550235,Macau Peninsula,M276_1,3,3,3,83.93509945102558
M281_1,祐漢第一街,RUA 1 IAO HON,M281,22.212101,113.549663,Macau Peninsula,M281_1,3,3,3,87.15250681310013
M282_1,永定街,RUA DA SERENIDADE,M282,22.212877,113.549782,Macau Peninsula,M282_1,2,3,3,52.85620745254846
M283_1,馬場大馬路,AVENIDA DO HIPÓDROMO,M283,22.213798,113.550239,Macau Peninsula,M283_1,1,1,2,69.57628179616194
M284_1,華大新村,WA TAI SAN CHUN,M284,22.213438,113.548522,Macau Peninsula,M284_1,2,2,2,73.40001691018145
M285_1,台山平民大廈,MORADIAS ECONÓMICAS DA TAMAGNINI BARBOSA,M285,22.213585,113.546175,Macau Peninsula,M285_1,2,2,2,95.30092000612157
T300_1,史伯泰/盧廉若,ESPARTEIRO / LOU LIM IEOK,T300,22.16266,113.552686,Taipa & Cotai,T300_1,16,16,16,99.86670961730378
T301_1,盧廉若/菩提園,LOU LIM IEOK / TEMPLO DE POU TAI UN,T301,22.16165,113.551322,Taipa & Cotai,T301_1,1,1,1,179.8419049364758
T302_1,盧廉若/葡京花園,LOU LIM IEOK / JARDINS DE LISBOA,T302,22.15948,113.548413,Taipa & Cotai,T302_1,1,1,1,178.49898578704554
T303_1,旅遊學院氹仔校區,CAMPUS DA TAIPA DO I.F.T.,T303,22.163491,113.559343,Taipa & Cotai,T303_1,2,2,2,163.3453651033297
T304_1,氹仔大中華廣場,AV. DR. SUN YAT SEN / R. LAGOS,T304,22.160685,113.556702,Taipa & Cotai,T304_1,8,8,8,9.72753035476813
T305_1,城市大學,UNIVERSIDADE DA CIDADE,T305,22.16385,113.556383,Taipa & Cotai,T305_1,2,2,2,199.61547205297882
T306_1,氹仔嘉樂庇馬路,EST. GOV. NOBRE CARVALHO,T306,22.153101,113.563067,Taipa & Cotai,T306_1,7,7,7,8.153710106189619
T306_2,氹仔嘉樂庇馬路,EST. GOV. NOBRE CARVALHO,T306,22.153173,113.563052,Taipa & Cotai,T306_2,6,6,6,8.153710106189619
T307_1,宋玉生博士圓形地,ROTUNDA DR.CARLOS A. C. P. D'ASSUMPÇÃO,T307,22.16258,113.555013,Taipa & Cotai,T307_1,6,6,6,93.71414585634787
T308_1,氹仔電訊,AV. SUN YAT SEN / CTM,T308,22.160619,113.55664,Taipa & Cotai,T308_1,8,8,8,9.72753035476813
T308_3,氹仔電訊,AV. SUN YAT SEN / CTM,T308,22.160883,113.556387,Taipa & Cotai,T308_3,8,8,8,39.20480816430306
T309_1,泉亮花園,EDF. CHUN LEONG,T309,22.159096,113.558219,Taipa & Cotai,T309_1,10,10,10,47.72901063181888
T310_1,泉裕豪庭,CHUN U VILLA,T310,22.158772,113.558523,Taipa & Cotai,T310_1,6,6,6,2.8951443891351705
T310_2,泉裕豪庭,CHUN U VILLA,T310,22.158752,113.558541,Taipa & Cotai,T310_2,8,8,8,2.8951443891351705
T311_1,百利寶花園,TREASURE GARDEN,T311,22.157876,113.559238,Taipa & Cotai,T311_1,10,10,10,26.65930445139886
T311_2,百利寶花園,TREASURE GARDEN,T311,22.158056,113.559067,Taipa & Cotai,T311_2,10,10,10,26.65930445139886
T313_1,氹仔茵景園,EDF. GREENVILLE,T313,22.156125,113.55992,Taipa & Cotai,T313_1,13,13,13,23.859219495429226
T314_1,信虹花園,JARDIM LAMEIRAS,T314,22.156332,113.559859,Taipa & Cotai,T314_1,5,5,5,6.548040687701763
T314_2,信虹花園,JARDIM LAMEIRAS,T314,22.15639,113.55987,Taipa & Cotai,T314_2,10,10,10,6.548040687701763
T315_1,氹仔CEM貨倉,NOBRE CARVALHO / ARMAZEM CEM,T315,22.154661,113.561381,Taipa & Cotai,T315_1,11,11,11,221.6727895781865
T316_1,北安大馬路/新城區,EST. PAC ON / NOVOS ATERROS,T316,22.164759,113.566684,Taipa & Cotai,T316_1,7,7,7,345.5845719468967
T317_1,北安大馬路/和睦街,EST. PAC ON / RUA WO MOK,T317,22.163378,113.57106,Taipa & Cotai,T317_1,5,5,5,84.96046940068825
T318_1,泉悅花園,FERNÃO M. PINTO / CHUN IUT GARDEN,T318,22.156385,113.559484,Taipa & Cotai,T318_1,7,7,7,39.0661097249979
T319_1,嘉模泳池,PISCINAS DO CARMO,T319,22.154966,113.559214,Taipa & Cotai,T319_1,7,7,7,147.96985996947652
T320_1,氹仔官也街,RUA DO CUNHA,T320,22.153048,113.55714,Taipa & Cotai,T320_1,7,7,7,154.3245807596155
T321_1,氹仔中葡小學,LARGO TAMAG. BARBOSA,T321,22.152149,113.555292,Taipa & Cotai,T321_1,7,7,7,156.99481181263485
T322_1,信安馬路,AV. SON ON,T322,22.16225,113.56951,Taipa & Cotai,T322_1,2,2,2,202.53503064853774
T323_1,黑橋/地堡街,PONTE NEGRA / R. DO REGEDOR,T323,22.154494,113.556217,Taipa & Cotai,T323_1,7,7,7,122.66971144098024
T324_1,澳門運動場,ESTÁDIO DE MACAU,T324,22.155441,113.555037,Taipa & Cotai,T324_1,5,5,5,8.036915339119963
T324_2,澳門運動場,ESTÁDIO DE MACAU,T324,22.155471,113.554966,Taipa & Cotai,T324_2,11,11,11,8.036915339119963
T325_2,華寶花園,EDF. JARDIM DE VA POU,T325,22.155665,113.554782,Taipa & Cotai,T325_2,7,7,7,28.71262048506586
T325_3,華寶花園,EDF. JARDIM DE VA POU,T325,22.155539,113.555067,Taipa & Cotai,T325_3,10,10,10,11.32661100270488
T326_1,柯維納馬路,ESTRADA GOV. A. OLIVEIRA,T326,22.157003,113.546126,Taipa & Cotai,T326_1,4,4,4,15.659590054813918
T326_2,柯維納馬路,ESTRADA GOV. A. OLIVEIRA,T326,22.156998,113.545862,Taipa & Cotai,T326_2,5,5,5,17.261309429784948
T326_3,柯維納馬路,ESTRADA GOV. A. OLIVEIRA,T326,22.157118,113.545687,Taipa & Cotai,T326_3,5,5,5,22.424162821887045
T326_4,柯維納馬路,ESTRADA GOV. A. OLIVEIRA,T326,22.157119,113.545967,Taipa & Cotai,T326_4,3,3,3,17.261309429784948
T326_5,柯維納馬路,ESTRADA GOV. A. OLIVEIRA,T326,22.157121,113.546209,Taipa & Cotai,T326_5,4,4,4,15.659590054813918
T327_1,賽馬會,JOCKEY CLUB,T327,22.156993,113.549864,Taipa & Cotai,T327_1,10,10,10,48.178093826014525
T328_1,東亞運馬路/羅斯福,AV. DOS JOGOS DA ÁSIA ORIENTAL / ROOSEVELT,T328,22.153916,113.543918,Taipa & Cotai,T328_1,5,5,5,396.8956558910632
T330_1,蘇利安圓形地,ROTUNDA LEONEL SOUSA,T330,22.1639,113.549802,Taipa & Cotai,T330_1,15,15,15,187.80589864295936
T330_2,蘇利安圓形地,ROTUNDA LEONEL SOUSA,T330,22.164135,113.547996,Taipa & Cotai,T330_2,3,3,3,21.48674484559767
T330_3,蘇利安圓形地,ROTUNDA LEONEL SOUSA,T330,22.164171,113.547791,Taipa & Cotai,T330_3,2,2,4,21.48674484559767
T331_1,美景花園,EDF. MEI KENG GARDEN,T331,22.156639,113.553356,Taipa & Cotai,T331_1,2,2,2,163.28228026534708
T332_1,南新花園,EDF. NAM SUN,T332,22.157415,113.549396,Taipa & Cotai,T332_1,7,7,7,57.56863625376245
T332_2,南新花園,EDF. NAM SUN,T332,22.157418,113.549955,Taipa & Cotai,T332_2,9,9,9,48.178093826014525
T334_1,海洋花園/紫荊苑,JARDINS DO OCEANO / BAUHINA COURT,T334,22.161139,113.543801,Taipa & Cotai,T334_1,7,7,7,29.767704509624956
T335_1,海洋廣場,PLAZA OCEANO,T335,22.160872,113.54378,Taipa & Cotai,T335_1,2,2,2,14.589974451712903
T335_2,海洋廣場,PLAZA OCEANO,T335,22.160765,113.543698,Taipa & Cotai,T335_2,7,7,7,14.589974451712903
T336_1,海洋花園瞭望台,TERRAÇO PANORÂMICO,T336,22.161602,113.542989,Taipa & Cotai,T336_1,2,3,3,18.493482160325847
T336_2,海洋花園瞭望台,TERRAÇO PANORÂMICO,T336,22.161455,113.542905,Taipa & Cotai,T336_2,1,1,2,18.493482160325847
T337_1,氹仔海濱花園,EDIFÍCIO BEIRA-MAR,T337,22.158477,113.542124,Taipa & Cotai,T337_1,9,9,9,127.20352408882874
T338_1,海洋花園衛生中心,CENTRO DE SAÚDE DOS JARDINS DO OCEANO,T338,22.159616,113.542239,Taipa & Cotai,T338_1,8,8,8,127.20352408882874
T339_2,花城公園,JARDIM CIDADE DAS FLORES,T339,22.156135,113.557226,Taipa & Cotai,T339_2,7,7,7,30.172911126502022
T339_4,花城公園,JARDIM CIDADE DAS FLORES,T339,22.156278,113.557475,Taipa & Cotai,T339_4,10,10,10,30.172911126502022
T341_1,聖公會中學,COLÉGIO ANGLICANO,T341,22.161427,113.560108,Taipa & Cotai,T341_1,4,4,4,129.44388815753135
T342_1,高勵雅馬路,EST. ALM. M. CORREIA,T342,22.162291,113.561688,Taipa & Cotai,T342_1,7,7,7,59.81431940772165
T343_1,海灣花園/海城閣,JARDIM HOI VAN / HOI CHENG,T343,22.162057,113.561165,Taipa & Cotai,T343_1,9,9,9,59.81431940772165
T344_1,機場倉庫,OFICINAS DO AEROPORTO,T344,22.16159,113.573837,Taipa & Cotai,T344_1,7,7,7,217.25122736367462
T345_1,氹仔客運碼頭,TERMINAL MARÍTIMO DE PASSAGEIROS DA TAIPA,T345,22.163391,113.575884,Taipa & Cotai,T345_1,2,2,2,22.56268525959141
T345_2,氹仔客運碼頭,TERMINAL MARÍTIMO DE PASSAGEIROS DA TAIPA,T345,22.16319,113.575854,Taipa & Cotai,T345_2,1,1,1,22.56268525959141
T345_3,氹仔客運碼頭,TERMINAL MARÍTIMO DE PASSAGEIROS DA TAIPA,T345,22.162783,113.575737,Taipa & Cotai,T345_3,1,1,1,46.83272266425284
T345_4,氹仔客運碼頭,TERMINAL MARÍTIMO DE PASSAGEIROS DA TAIPA,T345,22.163259,113.576335,Taipa & Cotai,T345_4,1,1,1,21.607181948528584
T345_5,氹仔客運碼頭,TERMINAL MARÍTIMO DE PASSAGEIROS DA TAIPA,T345,22.163065,113.576323,Taipa & Cotai,T345_5,2,2,2,21.607181948528584
T345_6,氹仔客運碼頭,TERMINAL MARÍTIMO DE PASSAGEIROS DA TAIPA,T345,22.162777,113.576252,Taipa & Cotai,T345_6,2,3,3,32.848195151625305
T345_8,氹仔客運碼頭,TERMINAL MARÍTIMO DE PASSAGEIROS DA TAIPA,T345,22.163148,113.57511,Taipa & Cotai,T345_8,1,1,1,76.2644116531687
T346_1,廣東大馬路/鴻發,AV.KWONG TUNG / EDF. HUNG FAT,T346,22.161829,113.5546,Taipa & Cotai,T346_1,2,2,2,93.71414585634787
T347_1,運動場/體育中心,ESTÁDIO / CENTRO DESPORTIVO,T347,22.155103,113.552535,Taipa & Cotai,T347_1,8,8,8,36.54374869952686
T348_1,路環發電廠,CENTRAL TÉRMICA DE COLOANE,T348,22.138606,113.574511,Taipa & Cotai,T348_1,2,2,2,21.998744584950106
T349_1,路環電廠圓形地,R. DA CENTRAL TÉRMICA DE COLOANE,T349,22.138757,113.574373,Taipa & Cotai,T349_1,1,1,1,21.998744584950106
T350_1,廣東大馬路/馬會,AV.KWONG TUNG / JOCKEY CLUB,T350,22.158005,113.549097,Taipa & Cotai,T350_1,2,2,2,72.47179309356778
T351_1,布拉干薩街,RUA BRAGANÇA,T351,22.158822,113.55255,Taipa & Cotai,T351_1,3,3,3,80.08041124885536
T352_1,廣東大馬路/濠景,AV. KWONG TUNG / NOVA TAIPA,T352,22.159539,113.552623,Taipa & Cotai,T352_1,6,6,6,20.13340151408443
T353_1,廣東大馬路/濠尚,AV. KWONG TUNG / NOVA GRAND,T353,22.159552,113.552428,Taipa & Cotai,T353_1,5,5,5,20.13340151408443
T354_2,北安出入境事務大樓,EDIFÍCIO DE SERVIÇOS DE MIGRAÇÃO / PAC ON,T354,22.164034,113.570637,Taipa & Cotai,T354_2,7,7,7,84.96046940068825
T355_1,蓮花路停車場,AUTO-SILO DA ESTRADA FLOR DE LÓTUS,T355,22.138898,113.560792,Taipa & Cotai,T355_1,7,7,7,32.741516845487936
T355_2,蓮花路停車場,AUTO-SILO DA ESTRADA FLOR DE LÓTUS,T355,22.13892,113.560475,Taipa & Cotai,T355_2,6,7,7,32.741516845487936
T356_1,澳門機場,AEROPORTO DE MACAU,T356,22.157695,113.573802,Taipa & Cotai,T356_1,3,3,3,5.726551949036758
T356_2,澳門機場,AEROPORTO DE MACAU,T356,22.157669,113.573754,Taipa & Cotai,T356_2,2,2,2,5.726551949036758
T356_3,澳門機場,AEROPORTO DE MACAU,T356,22.157552,113.573529,Taipa & Cotai,T356_3,4,4,4,26.5736741103897
T358_1,偉龍/科大醫院,WAI LONG / M.U.S.T.-HOSPITAL,T358,22.154771,113.567933,Taipa & Cotai,T358_1,9,9,9,21.246395129928423
T359_1,蓮花圓形地,ROTUNDA FLOR DE LÓTUS,T359,22.140883,113.563572,Taipa & Cotai,T359_1,9,9,9,34.5139442427875
T360_1,連貫公路/新濠影匯,EST. DO ISTMO / STUDIO CITY,T360,22.140703,113.563299,Taipa & Cotai,T360_1,16,17,17,34.5139442427875
T361_1,運動場/賽馬會,ESTÁDIO / JOCKEY CLUB,T361,22.155425,113.552464,Taipa & Cotai,T361_1,10,10,10,36.54374869952686
T363_1,連貫公路/威尼斯人,EST. DO ISTMO / VENETIAN,T363,22.149228,113.56373,Taipa & Cotai,T363_1,5,5,5,26.0489467769779
T363_2,連貫公路/威尼斯人,EST. DO ISTMO / VENETIAN,T363,22.149462,113.563742,Taipa & Cotai,T363_2,4,4,4,26.0489467769779
T364_1,望德聖母灣馬路/軍營,EST. BAIA N. S. ESPERANÇA / QUARTEL,T364,22.150767,113.55498,Taipa & Cotai,T364_1,4,4,4,26.871226403469876
T364_2,望德聖母灣馬路/軍營,EST. BAIA N. S. ESPERANÇA / QUARTEL,T364,22.150659,113.555261,Taipa & Cotai,T364_2,3,3,3,20.72419217643733
T365_1,排角/銀河,PAI KOK / GALAXY,T365,22.150551,113.555097,Taipa & Cotai,T365_1,5,5,5,20.72419217643733
T365_2,排角/銀河,PAI KOK / GALAXY,T365,22.150732,113.554647,Taipa & Cotai,T365_2,2,2,2,34.515183335969475
T366_1,望德聖母灣馬路/紅樹林,EST. BAIA N. S. ESPERANÇA / MANGAL,T366,22.150087,113.559875,Taipa & Cotai,T366_1,8,8,8,232.43343005097415
T367_1,望德聖母灣馬路/連貫公路,EST. BAIA N. S. ESPERANÇA / ISTMO,T367,22.150481,113.562365,Taipa & Cotai,T367_1,9,9,9,181.52206623971676
T368_1,奧林匹克大馬路,AVENIDA OLÍMPICA,T368,22.156537,113.558845,Taipa & Cotai,T368_1,9,9,9,67.94260469253105
T369_1,基馬拉斯/氹仔中央公園,GUIMARÃES / PARQUE CENTRAL DA TAIPA,T369,22.158045,113.555484,Taipa & Cotai,T369_1,6,6,6,9.695919737747333
T370_1,基馬拉斯/濠珀,GUIMARÃES / NOVA PARK,T370,22.158014,113.555572,Taipa & Cotai,T370_1,6,6,6,9.695919737747333
T372_1,蓮花路/新濠影匯,EST. F. DE LÓTUS / STUDIO CITY,T372,22.139735,113.559969,Taipa & Cotai,T372_1,6,7,7,104.54084655014675
T373_1,偉龍/科技大學,WAI LONG / M.U.S.T.,T373,22.152082,113.565112,Taipa & Cotai,T373_1,7,7,7,34.331314523623554
T373_2,偉龍/科技大學,WAI LONG / M.U.S.T.,T373,22.151707,113.564791,Taipa & Cotai,T373_2,4,4,4,48.37373991812539
T374_1,澳門土木工程實驗室,L.E.C.M,T374,22.152142,113.564785,Taipa & Cotai,T374_1,9,9,9,34.331314523623554
T375_1,連貫公路/新濠天地,EST. DO ISTMO / C.O.D.,T375,22.149332,113.563982,Taipa & Cotai,T375_1,13,13,13,28.413128753922194
T376_1,連貫公路/巴黎人,EST. DO ISTMO / PARISIAN,T376,22.144434,113.56349,Taipa & Cotai,T376_1,6,6,6,39.29556394158772
T376_2,連貫公路/巴黎人,EST. DO ISTMO / PARISIAN,T376,22.144787,113.563508,Taipa & Cotai,T376_2,7,7,7,39.29556394158772
T377_1,路氹城馬路/巴黎人,AV. DE COTAI / PARISIAN,T377,22.142641,113.562097,Taipa & Cotai,T377_1,1,1,1,18.790615501458042
T378_1,路氹城馬路/新濠影匯,AV. DE COTAI / STUDIO CITY,T378,22.142477,113.562053,Taipa & Cotai,T378_1,4,5,5,18.790615501458042
T379_1,連貫公路/巴黎人花園,EST.DO ISTMO / LE JARDIN,T379,22.14381,113.563716,Taipa & Cotai,T379_1,9,9,9,73.18577910093617
T380_1,連貫公路/倫敦人,EST.DO ISTMO / LONDONER,T380,22.146191,113.56383,Taipa & Cotai,T380_1,12,12,12,159.6011984873801
T384_1,蓮花路/體育館馬路,EST. F. DE LÓTUS / AV. DA NAVE DESPORTIVA,T384,22.138612,113.567497,Taipa & Cotai,T384_1,5,5,5,32.50632282188216
T385_1,蓮花路/蓮花圓形地-1,EST. F. DE LÓTUS / ROTUNDA F. DE LÓTUS-1,T385,22.138407,113.567722,Taipa & Cotai,T385_1,6,6,6,32.50632282188216
T386_1,蓮花路/蓮花圓形地-2,EST. F. DE LÓTUS / ROTUNDA F. DE LÓTUS-2,T386,22.139045,113.564464,Taipa & Cotai,T386_1,5,5,5,219.9699294013221
T387_1,東亞運/保齡球中心,JOGOS DA ÁSIA ORIENTAL / CENTRO DE BOWLING,T387,22.14344,113.568865,Taipa & Cotai,T387_1,3,3,3,60.11235361780948
T388_1,東亞運/巴黎人花園,JOGOS DA ÁSIA ORIENTAL / LE JARDIN,T388,22.142956,113.568605,Taipa & Cotai,T388_1,3,3,3,60.11235361780948
T389_1,澳門東亞運動會體育館,N. D. DOS J. DA ÁSIA ORIENTAL DE MACAU,T389,22.139863,113.568514,Taipa & Cotai,T389_1,3,3,3,174.13273644734247
T391_1,霍英東馬路/科技大學,AV. DR. HENRY FOK / M. U. S. T.,T391,22.150367,113.566863,Taipa & Cotai,T391_1,2,2,2,147.95973501177988
T392_1,霍英東馬路/新濠天地,AV. DR. HENRY FOK / C.O.D.,T392,22.150239,113.565433,Taipa & Cotai,T392_1,3,3,3,147.95973501177988
T394_1,新城大馬路/威尼斯人,AV. CIDADE NOVA / VENETIAN,T394,22.148796,113.5581,Taipa & Cotai,T394_1,4,4,4,20.17174111907897
T395_1,新城大馬路/銀河,AV. CIDADE NOVA / GALAXY,T395,22.148813,113.557905,Taipa & Cotai,T395_1,3,3,3,20.17174111907897
T396_1,路氹西/金光會展,COTAI OESTE / COTAI EXPO,T396,22.144343,113.557896,Taipa & Cotai,T396_1,4,4,4,52.87398751185696
T397_1,路氹西/銀河,COTAI OESTE / GALAXY,T397,22.144784,113.557704,Taipa & Cotai,T397_1,3,3,3,52.87398751185696
T399_1,路氹東/永利皇宮,COTAI LESTE / WYNN PALACE,T399,22.147233,113.569294,Taipa & Cotai,T399_1,3,3,3,213.52707823192128
T400_1,路氹東/新濠天地,COTAI LESTE / C.O.D.,T400,22.149102,113.568818,Taipa & Cotai,T400_1,3,3,3,151.10892333835233
T401_1,雞頸馬路/孝思-1,EST. DA PONTA DA CABRITA / HAU SI-1,T401,22.161734,113.565914,Taipa & Cotai,T401_1,1,1,1,315.52239663525864
T402_1,泉澧花園,CHUN LAI GARDEN,T402,22.161258,113.556167,Taipa & Cotai,T402_1,9,9,9,47.45538819626355
T403_1,史伯泰/麗景灣,ESPARTEIRO / REGENCY,T403,22.162749,113.553651,Taipa & Cotai,T403_1,15,15,15,99.86670961730378
T404_1,駕駛學習暨考試中心,CENTRO DE APRENDIZAGEM E EXAMES DE CONDUÇÃO,T404,22.151252,113.575361,Taipa & Cotai,T404_1,2,2,2,341.43262409027085
T406_1,機場圓形地/偉龍,ROTUNDA DO AEROPORTO / WAI LONG,T406,22.154949,113.567858,Taipa & Cotai,T406_1,7,7,7,21.246395129928423
T407_1,霍英東馬路/永利皇宮,AV.DR.HENRY FOK / WYNN PALACE,T407,22.150199,113.569684,Taipa & Cotai,T407_1,4,4,4,151.10892333835233
T408_1,湖畔大廈,EDIFÍCIO DO LAGO,T408,22.158919,113.561032,Taipa & Cotai,T408_1,5,5,5,15.95642581687683
T408_2,湖畔大廈,EDIFÍCIO DO LAGO,T408,22.159012,113.56115,Taipa & Cotai,T408_2,3,3,3,15.95642581687683
T408_5,湖畔大廈,EDIFÍCIO DO LAGO,T408,22.158801,113.561129,Taipa & Cotai,T408_5,2,2,2,12.183084974414438
T408_6,湖畔大廈,EDIFÍCIO DO LAGO,T408,22.158898,113.561247,Taipa & Cotai,T408_6,6,6,6,16.139149448495147
T408_8,湖畔大廈,EDIFÍCIO DO LAGO,T408,22.158692,113.561117,Taipa & Cotai,T408_8,1,1,2,12.183084974414438
T408_9,湖畔大廈,EDIFÍCIO DO LAGO,T408,22.158679,113.561248,Taipa & Cotai,T408_9,1,1,1,11.790710530072062
T408_10,湖畔大廈,EDIFÍCIO DO LAGO,T408,22.158776,113.561366,Taipa & Cotai,T408_10,1,1,1,16.248227636809478
T408_12,湖畔大廈,EDIFÍCIO DO LAGO,T408,22.158573,113.561251,Taipa & Cotai,T408_12,1,1,2,11.790710530072062
T409_1,湖畔公園,JARDIM DO LAGO,T409,22.15874,113.562122,Taipa & Cotai,T409_1,7,7,7,77.95748205371936
T410_1,雞頸馬路/孝思-2,EST. DA PONTA DA CABRITA / HAU SI-2,T410,22.160584,113.568715,Taipa & Cotai,T410_1,1,1,1,202.53503064853774
T411_1,金皇冠中國大酒店,HOTEL CHINA COROA D'OURO,T411,22.159,113.573716,Taipa & Cotai,T411_1,1,1,1,145.37939898908928
T412_1,氹仔中央公園/成都街,PARQUE CENTRAL DA TAIPA / R. SENG TOU,T412,22.158352,113.55445,Taipa & Cotai,T412_1,3,3,3,111.82217200590831
T413_1,氹仔中央公園/哥英布拉街,PARQUE CENTRAL DA TAIPA / RUA DE COIMBRA,T413,22.158897,113.555478,Taipa & Cotai,T413_1,3,3,3,94.74009248009773
T414_1,永進馬路/美獅美高梅,AV. DO PROGRESSO / MGM COTAI,T414,22.14545,113.566955,Taipa & Cotai,T414_1,1,1,1,297.74206724715486
T415_1,路氹新城,NOVA CIDADE DE COTAI,T415,22.141698,113.566767,Taipa & Cotai,T415_1,1,1,1,235.37878725811896
T417_1,科大/機場貨運站,M.U.S.T. / TERMINAL DE CARGA DO AEROPORTO,T417,22.153166,113.57041,Taipa & Cotai,T417_1,5,5,5,25.162461441608706
T418_1,機場大馬路/輕軌車廠,AV. DO AEROPORTO / OFICINA DO METRO LIGEIRO,T418,22.148933,113.573188,Taipa & Cotai,T418_1,4,4,4,157.32295873839837
T419_1,機場大馬路/永利皇宮,AV. DO AEROPORTO / WYNN PALACE,T419,22.150038,113.572234,Taipa & Cotai,T419_1,4,4,4,157.32295873839837
T420_1,蓮花海濱大馬路/銀河-1,AV. M. FLOR DE LÓTUS / GALAXY - 1,T420,22.149603,113.551383,Taipa & Cotai,T420_1,6,6,6,120.45554146000195
T421_1,皇庭海景酒店,POUSADA MARINA INFANTE,T421,22.150561,113.550837,Taipa & Cotai,T421_1,7,7,7,120.45554146000195
T422_1,蓮花海濱大馬路/銀河-2,AV. M. FLOR DE LÓTUS / GALAXY-2,T422,22.145125,113.552617,Taipa & Cotai,T422_1,7,7,7,52.24825401512411
T423_1,蓮花海濱大馬路/百老匯,AV. M. FLOR DE LÓTUS / BROADWAY,T423,22.145575,113.552471,Taipa & Cotai,T423_1,8,8,8,52.24825401512411
T424_1,海濱圓形地/生態保護區,ROTUNDA MARGINAL / ZONAS ECOLÓGICAS,T424,22.141399,113.552568,Taipa & Cotai,T424_1,10,10,10,40.509571920335375
T425_1,海濱圓形地/西堤馬路,ROTUNDA MARGINAL / EST. DO DIQUE OESTE,T425,22.141078,113.552382,Taipa & Cotai,T425_1,10,10,10,40.509571920335375
T426_1,澳大河隧/高爾夫俱樂部,TÚNEL S. DA UM / CLUBE DE GOLFE,T426,22.134897,113.552531,Taipa & Cotai,T426_1,2,2,2,107.3479488335845
T427_1,澳大河隧/西堤馬路,TÚNEL S. DA UM / EST. DO DIQUE OESTE,T427,22.133949,113.552334,Taipa & Cotai,T427_1,2,2,2,107.3479488335845
T428_1,聚龍明珠/榮苑,TJOI LONG SEA VIEW / BLOCO 1,T428,22.165636,113.558927,Taipa & Cotai,T428_1,2,2,2,242.32968645042675
T429_1,機場大馬路/科大醫院,AV. DO AEROPORTO / M. U. S. T.-HOSPITAL,T429,22.153213,113.570171,Taipa & Cotai,T429_1,2,2,2,25.162461441608706
T430_1,海洋花園/玫瑰苑,JARDINS DO OCEANO / ROSE COURT,T430,22.162146,113.541646,Taipa & Cotai,T430_1,6,6,6,82.13477721822893
T431_1,西灣大橋/海洋大馬路,PONTE DE SAI VAN / AV. DO OCEANO,T431,22.162856,113.541866,Taipa & Cotai,T431_1,6,6,6,82.13477721822893
T432_1,日昇樓,EDIFÍCIO IAT SENG,T432,22.16379,113.560896,Taipa & Cotai,T432_1,2,2,2,163.3453651033297
T433_1,機場大馬路/航空圓形地,AV. DO AEROPORTO / ROTUNDA DA AERONÁUTICA,T433,22.146682,113.574664,Taipa & Cotai,T433_1,4,4,4,215.16388020551733
T434_1,機場大馬路/上葡京,AV. DO AEROPORTO / GRAND LISBOA PALACE,T434,22.144942,113.575578,Taipa & Cotai,T434_1,3,3,3,215.16388020551733
T435_1,溜冰路/葡京人,RUA DA PATINAGEM / LISBOETA,T435,22.141272,113.572295,Taipa & Cotai,T435_1,3,3,3,259.12946334177275
T436_1,溜冰路/東亞運體育館,RUA DA PATINAGEM / N. D. DOS J. DA ÁSIA ORIENTAL,T436,22.138945,113.572159,Taipa & Cotai,T436_1,2,2,2,228.9913104908768
T440_1,松樹尾總站,CHUN SU MEI / TERMINAL,T440,22.154414,113.557405,Taipa & Cotai,T440_1,1,1,2,122.66971144098024
T550_1,澳門大學總站,UNIVERSIDADE DE MACAU / TERMINAL,T550,22.135625,113.546615,Taipa & Cotai,T550_1,2,3,4,34.91674636524828
T550_2,澳門大學總站,UNIVERSIDADE DE MACAU / TERMINAL,T550,22.135625,113.546276,Taipa & Cotai,T550_2,1,1,2,12.010818754244166
T550_4,澳門大學總站,UNIVERSIDADE DE MACAU / TERMINAL,T550,22.135733,113.546278,Taipa & Cotai,T550_4,3,3,6,12.010818754244166
T551_1,澳大/研究生宿舍,UM / RESIDÊNCIA DE E. DE PÓS-GRADUAÇÃO,T551,22.124774,113.546265,Taipa & Cotai,T551_1,4,4,4,6.567774611672649
T551_2,澳大/研究生宿舍,UM / RESIDÊNCIA DE E. DE PÓS-GRADUAÇÃO,T551,22.124833,113.546268,Taipa & Cotai,T551_2,2,2,2,6.567774611672649
T552_1,澳大/中央教學樓,UM / SALA DE AULAS:EDIFÍCIO CENTRAL,T552,22.128049,113.546523,Taipa & Cotai,T552_1,6,6,6,258.30589674449726
T553_1,澳大/大學展館,UM / GALERIA DA UNIVERSIDADE,T553,22.130372,113.546525,Taipa & Cotai,T553_1,6,6,6,28.64263036830304
T554_1,澳大/大學會堂,UM / AULA MAGNA DA UNIVERSIDADE,T554,22.134058,113.54642,Taipa & Cotai,T554_1,6,6,6,10.424411948385359
T555_2,澳大/綜合體育館,UM / COMPLEXO DESPORTIVO,T555,22.133959,113.543275,Taipa & Cotai,T555_2,6,6,6,31.87241638097148
T556_1,澳大/行政樓,UM / EDIFÍCIO ADMINISTRATIVO,T556,22.134107,113.54354,Taipa & Cotai,T556_1,6,6,6,31.87241638097148
T557_1,大學北,NORTE DA UNIVERSIDADE,T557,22.134052,113.546521,Taipa & Cotai,T557_1,6,6,6,10.424411948385359
T558_1,大學大馬路,AVENIDA DA UNIVERSIDADE,T558,22.130378,113.546803,Taipa & Cotai,T558_1,6,6,6,28.64263036830304
T559_1,大學南,SUL DA UNIVERSIDADE,T559,22.124183,113.546231,Taipa & Cotai,T559_1,6,6,6,65.80945923933264
T560_1,橫琴澳方口岸,POSTO FRONTEIRIÇO MACAU - HENGQIN,T560,22.140789,113.546225,Taipa & Cotai,T560_1,1,2,4,24.47350573547504
T560_2,橫琴澳方口岸,POSTO FRONTEIRIÇO MACAU - HENGQIN,T560,22.140569,113.546232,Taipa & Cotai,T560_2,1,1,1,24.47350573547504
T560_3,橫琴澳方口岸,POSTO FRONTEIRIÇO MACAU - HENGQIN,T560,22.140545,113.545738,Taipa & Cotai,T560_3,3,5,6,50.94978736308317
C650_1,石排灣馬路/擎天匯,EST. SEAK PAI VAN / PRAIA PARK,C650,22.131395,113.560418,Coloane,C650_1,2,2,2,74.9110994496658
C651_1,路環小型賽車場,KARTÓDROMO DE COLOANE,C651,22.131476,113.56114,Coloane,C651_1,2,2,2,74.9110994496658
C652_1,安順大廈,EDIFÍCIO ON SON,C652,22.128262,113.558738,Coloane,C652_1,8,8,8,13.174513378907765
C653_1,金峰南岸/金譽峰,ONE OASIS / MAHOGANY TOWER,C653,22.128164,113.558597,Coloane,C653_1,1,1,1,6.697062301239764
C653_2,金峰南岸/金譽峰,ONE OASIS / MAHOGANY TOWER,C653,22.128221,113.558618,Coloane,C653_2,8,8,8,6.697062301239764
C654_1,聯生圓形地總站,ROTUNDA DA CONCÓRDIA / TERMINAL,C654,22.125589,113.554964,Coloane,C654_1,1,2,2,13.258165244639201
C654_2,聯生圓形地總站,ROTUNDA DA CONCÓRDIA / TERMINAL,C654,22.1257,113.554917,Coloane,C654_2,5,5,5,13.258165244639201
C654_3,聯生圓形地總站,ROTUNDA DA CONCÓRDIA / TERMINAL,C654,22.125851,113.554931,Coloane,C654_3,2,2,2,16.85224898619193
C655_1,石排灣郊野公園,PARQUE DE SEAC PAI VAN,C655,22.125432,113.555331,Coloane,C655_1,7,7,7,41.63973993141755
C656_1,路環警察訓練營-2,EST. DO CAMPO / PSP-2,C656,22.120534,113.553447,Coloane,C656_1,7,7,7,6.028876991883946
C657_1,路環警察訓練營-1,EST. DO CAMPO / PSP-1,C657,22.120511,113.5535,Coloane,C657_1,7,7,7,6.028876991883946
C658_1,九澳七苦聖母小堂,IGREJA DE NOSSA SENHORA DAS DORES(KÁ HÓ),C658,22.131825,113.588658,Coloane,C658_1,1,1,1,154.57619428673047
C659_1,路環街市,MERCADO M. DE COLOANE,C659,22.117795,113.552048,Coloane,C659_1,3,3,3,50.20653171123068
C660_1,路環居民大會堂,ASSOC. DE M. DE COLOANE,C660,22.117981,113.552503,Coloane,C660_1,3,3,3,51.23089904011768
C661_1,路環監獄-2,CADEIA DE COLOANE - 2,C661,22.117951,113.555241,Coloane,C661_1,3,3,3,7.977675818369847
C662_1,路環監獄-1,CADEIA DE COLOANE - 1,C662,22.118015,113.555206,Coloane,C662_1,3,3,3,7.977675818369847
C663_1,竹灣泳池-2,EST. CHEOC VAN / PISCINA - 2,C663,22.114574,113.55796,Coloane,C663_1,3,3,3,27.799403565127808
C664_1,竹灣泳池-1,EST. CHEOC VAN / PISCINA - 1,C664,22.114778,113.557804,Coloane,C664_1,3,3,3,27.799403565127808
C665_1,竹灣馬路-2,EST. CHEOC VAN-2,C665,22.11423,113.560381,Coloane,C665_1,3,3,3,76.20713186595769
C666_1,竹灣馬路-1,EST. CHEOC VAN-1,C666,22.114545,113.561038,Coloane,C666_1,3,3,3,76.20713186595769
C667_1,竹灣海灘-1,PRAIA CHEOC VAN - 1,C667,22.112945,113.563538,Coloane,C667_1,3,3,3,12.525555059914177
C668_1,竹灣海灘-2,PRAIA CHEOC VAN - 2,C668,22.112851,113.563471,Coloane,C668_1,3,3,3,12.525555059914177
C669_1,黑沙海灘,PRAIA DE HAC SÁ,C669,22.118268,113.569365,Coloane,C669_1,3,3,3,49.9371479756844
C669_2,黑沙海灘,PRAIA DE HAC SÁ,C669,22.118717,113.569355,Coloane,C669_2,3,3,3,49.9371479756844
C670_1,鷺環海天酒店-2,GRAND COLOANE RESORT-2,C670,22.126586,113.575706,Coloane,C670_1,2,2,2,62.582209047344804
C671_1,鷺環海天酒店-1,GRAND COLOANE RESORT-1,C671,22.127008,113.576108,Coloane,C671_1,2,2,2,62.582209047344804
C672_1,九澳村,POVOAÇÃO DE KÁ-HÓ,C672,22.132049,113.581511,Coloane,C672_1,1,1,1,189.90118916042434
C673_1,九澳聖若瑟學校,ESCOLA DE S. JOSÉ DE KÁ-HÓ,C673,22.133522,113.582444,Coloane,C673_1,2,3,3,189.90118916042434
C674_1,九澳油庫,T. DE COMBUSTÍVEIS DO P. DE KÁ-HÓ,C674,22.133494,113.589363,Coloane,C674_1,1,2,2,199.28529332313968
C675_1,竹灣豪園-2,VILA CHOK WAN HOU UN-2,C675,22.113174,113.566673,Coloane,C675_1,3,3,3,46.32766110986257
C676_1,竹灣豪園-1,VILA CHOK WAN HOU UN-1,C676,22.113318,113.566251,Coloane,C676_1,3,3,3,46.32766110986257
C677_1,竹灣燒烤公園-1,CHEOC VAN / PICNIC-1,C677,22.114453,113.562483,Coloane,C677_1,3,3,3,90.30550579128197
C678_1,竹灣燒烤公園-2,CHEOC VAN / PICNIC-2,C678,22.113661,113.562677,Coloane,C678_1,3,3,3,90.30550579128197
C679_1,黑沙水庫-2,BARRAGEM DE HAC SÁ-2,C679,22.123818,113.571605,Coloane,C679_1,2,2,2,86.57868392163405
C680_1,海蘭花園/蘭苑,HELLENE GARDEN / ORCHIDS VILLA,C680,22.11635,113.569539,Coloane,C680_1,3,3,3,132.53515173110887
C681_1,黑沙水庫-1,BARRAGEM DE HAC SÁ-1,C681,22.123845,113.570765,Coloane,C681_1,2,2,2,86.57868392163405
C682_1,和諧圓形地,ROTUNDA DA HARMONIA,C682,22.131812,113.558119,Coloane,C682_1,2,2,2,13.815777546536465
C683_1,重型車輛駕考中心,CENTRO DE EXM. DE CONDUÇÃO DOS AUTO. PESADOS,C683,22.131694,113.558077,Taipa & Cotai,C683_1,2,2,2,13.815777546536465
C685_1,聖路濟亞中心,CENTRO DE SANTA LUCIA,C685,22.130773,113.587677,Coloane,C685_1,1,1,1,154.57619428673047
C686_1,路環市區,VILA DE COLOANE,C686,22.118113,113.551702,Coloane,C686_1,4,4,4,50.20653171123068
C687_1,海蘭花園/黑沙,HELLENE GARDEN / HAC SÁ,C687,22.117016,113.568472,Coloane,C687_1,3,3,3,132.53515173110887
C688_1,和諧廣場/業興大廈,AL. DA HARMONIA / EDF. IP HENG,C688,22.12984,113.563059,Coloane,C688_1,9,9,9,23.796606020409193
C688_2,和諧廣場/業興大廈,AL. DA HARMONIA / EDF. IP HENG,C688,22.129626,113.563061,Coloane,C688_2,6,6,6,23.796606020409193
C689_1,和諧廣場/樂群樓,AL. DA HARMONIA / EDF. LOK KUAN,C689,22.12963,113.562788,Coloane,C689_1,7,7,7,23.240652718866063
C689_2,和諧廣場/樂群樓,AL. DA HARMONIA / EDF. LOK KUAN,C689,22.129839,113.562786,Coloane,C689_2,10,10,10,23.240652718866063
C690_1,蝴蝶谷大馬路總站,AV. VALE DAS BORBOLETAS / TERMINAL,C690,22.128765,113.56223,Coloane,C690_1,1,2,2,9.007378032970351
C690_2,蝴蝶谷大馬路總站,AV. VALE DAS BORBOLETAS / TERMINAL,C690,22.128765,113.562363,Coloane,C690_2,3,5,6,9.006789058455977
C690_3,蝴蝶谷大馬路總站,AV. VALE DAS BORBOLETAS / TERMINAL,C690,22.128765,113.562497,Coloane,C690_3,1,1,2,8.896190467926528
C690_4,蝴蝶谷大馬路總站,AV. VALE DAS BORBOLETAS / TERMINAL,C690,22.128684,113.562231,Coloane,C690_4,1,1,2,9.007378032970351
C690_5,蝴蝶谷大馬路總站,AV. VALE DAS BORBOLETAS / TERMINAL,C690,22.128684,113.562363,Coloane,C690_5,1,1,2,9.006789058455977
C690_6,蝴蝶谷大馬路總站,AV. VALE DAS BORBOLETAS / TERMINAL,C690,22.128685,113.562498,Coloane,C690_6,2,2,3,8.896190467926528
C691_1,樂居大馬路/居雅大廈,AV. DE LOK KOI / EDF. KOI NGA,C691,22.129378,113.560984,Coloane,C691_1,8,8,8,13.38936696243886
C692_1,樂居大馬路/樂群樓,AV. DE LOK KOI / EDF. LOK KUAN,C692,22.129422,113.561105,Coloane,C692_1,8,8,8,13.38936696243886
C693_1,黑沙村-1,POVOAÇÃO DE HAC SÁ-1,C693,22.118029,113.566291,Coloane,C693_1,2,2,2,60.83940018539449
C694_1,黑沙村-2,POVOAÇÃO DE HAC SÁ-2,C694,22.117555,113.566586,Coloane,C694_1,2,2,2,60.83940018539449
C695_1,九澳水庫郊野公園-1,PARQUE DE M. DA BARRAGEM DE KÁ-HÓ - 1,C695,22.133902,113.578425,Coloane,C695_1,2,2,2,7.03130353783727
C696_1,九澳水庫郊野公園-2,PARQUE DE M. DA BARRAGEM DE KÁ-HÓ - 2,C696,22.13388,113.578489,Coloane,C696_1,1,1,1,7.03130353783727
C700_1,澳門鏡湖護理學院,Instituto de Enfermagem Kiang Wu de Macau,C700,22.136499,113.568476,Taipa & Cotai,C700_1,2,2,2,225.9269212247508
M800_7,港珠澳大橋邊檢大樓,POSTO FRONTEIRIÇO DA PONTE HONG KONG-ZHUHAI-MACAU,M800,22.201473,113.574388,Macau Peninsula,M800_7,1,2,2,15.137477536938125
M800_8,港珠澳大橋邊檢大樓,POSTO FRONTEIRIÇO DA PONTE HONG KONG-ZHUHAI-MACAU,M800,22.201476,113.574241,Macau Peninsula,M800_8,1,1,2,15.137477536938125
TEMP_14_1,臨時站,PARAGEM PROVISÓRIA,TEMP_14,22.198063,113.542702,Macau Peninsula,TEMP_14_1,1,1,1,130.02767034419568
